GCF_004301345.1_ASM430134v1_genomic,GCF_000347515.1_Assemblage_de_novo_genomic
GCF_023101345.1_ASM2310134v1_genomic,GCF_022919335.1_ASM2291933v1_genomic
GCF_001402345.1_ASM140234v1_genomic,GCF_002283855.1_ASM228385v1_genomic
GCF_003302345.1_ASM330234v1_genomic,GCF_003602345.1_ASM360234v1_genomic
GCF_004102345.1_ASM410234v1_genomic,GCF_000825345.2_XAC3607_genomic
GCF_004302345.1_ASM430234v1_genomic,GCF_001660025.1_ASM166002v1_genomic
GCF_018502345.1_ASM1850234v1_genomic,GCF_002902345.1_ASM290234v1_genomic
GCF_002804345.2_ASM280434v3_genomic,GCF_000267345.2_ASM26734v2_genomic
GCF_016504345.1_ASM1650434v1_genomic,GCF_003350185.1_ASM335018v1_genomic
GCF_016804345.1_ASM1680434v1_genomic,GCF_006351985.2_ASM635198v2_genomic
GCF_018604345.1_ASM1860434v1_genomic,GCF_015355855.1_ASM1535585v1_genomic
GCF_019104345.1_ASM1910434v1_genomic,GCF_900482345.1_17651_4_60_genomic
GCF_023004345.1_ASM2300434v1_genomic,GCF_000163375.2_ASM16337v2_genomic
GCF_000605345.1_Stap_aure_M35158_V1_genomic,GCF_900083345.1_12971_3_41_genomic
GCF_001605345.1_ASM160534v1_genomic,GCF_001332375.1_6062_2_1_genomic
GCF_001905345.1_ASM190534v1_genomic,GCF_002705975.1_ASM270597v1_genomic
GCF_016805345.1_ASM1680534v1_genomic,GCF_019348855.1_ASM1934885v1_genomic
GCF_019405345.1_ASM1940534v1_genomic,GCF_900149505.2_9-1b_chromosome_genomic
GCF_023005345.1_ASM2300534v1_genomic,GCF_000814345.1_ASM81434v1_genomic
GCF_000307345.1_Para_merd_CL03T12C32_V1_genomic,GCF_009719975.1_ASM971997v1_genomic
GCF_000607345.1_Stap_aure_DAR3525_V1_genomic,GCF_000967345.1_ASM96734v1_genomic
GCF_001007345.1_ASM100734v1_genomic,GCF_000791345.1_AZPAE14943_genomic
GCF_001407345.1_7_S6_genomic,GCF_001506345.1_ASM150634v1_genomic
GCF_001807345.1_ASM180734v1_genomic,GCF_002847685.1_ASM284768v1_genomic
GCF_009707345.1_ASM970734v1_genomic,GCF_902159025.1_25426_7_22_genomic
GCF_022607345.1_ASM2260734v1_genomic,GCF_002976855.1_ASM297685v1_genomic
GCF_000008345.1_ASM834v1_genomic,GCF_000144345.1_ASM14434v1_genomic
GCF_000408345.1_Esch_coli_KTE61_V1_genomic,GCF_016456345.1_ASM1645634v1_genomic
GCF_000608345.1_Stap_aure_DAR3799_V1_genomic,GCF_000551345.1_Stap_aure_M0040_V1_genomic
GCF_001108345.1_5737_6_2_genomic,GCF_001159345.1_6925_4_14_genomic
GCF_001708345.1_ASM170834v1_genomic,GCF_002152055.1_ASM215205v1_genomic
GCF_001808345.1_ASM180834v1_genomic,GCF_022762885.1_ASM2276288v1_genomic
GCF_002108345.1_ASM210834v1_genomic,GCF_900174345.1_20925_2_183_genomic
GCF_023008345.1_ASM2300834v1_genomic,GCF_015552885.1_ASM1555288v1_genomic
GCF_023508345.1_ASM2350834v1_genomic,GCF_004368345.1_ASM436834v1_genomic
GCF_902508345.1_ZKP75_genomic,GCF_018443345.1_ASM1844334v1_genomic
GCF_000009345.1_ASM934v1_genomic,GCF_001182345.1_8016_2_78_genomic
GCF_001109345.1_7414_6_26_genomic,GCF_918429175.1_Percy258_genomic
GCF_001309345.1_ASM130934v1_genomic,GCF_011605595.1_ASM1160559v1_genomic
GCF_002109345.1_ASM210934v1_genomic,GCF_000019885.1_ASM1988v1_genomic
GCF_003309345.1_ASM330934v1_genomic,GCF_900081345.1_12641_2_3_genomic
GCF_009909345.1_ASM990934v1_genomic,GCF_013112395.1_ASM1311239v1_genomic
GCF_013009345.1_ASM1300934v1_genomic,GCF_018422535.1_ASM1842253v1_genomic
GCF_017309345.1_ASM1730934v1_genomic,GCF_021395345.1_ASM2139534v1_genomic
GCF_020509345.1_ASM2050934v1_genomic,GCF_022647025.1_ASM2264702v1_genomic
GCF_902509345.1_ZKP195_genomic,GCF_016780025.1_ASM1678002v1_genomic
GCF_001111345.1_7444_8_6_genomic,GCF_001095345.1_5756_5_11_genomic
GCF_001211345.1_7909_4_29_genomic,GCF_009749345.1_ASM974934v1_genomic
GCF_001611345.1_ASM161134v1_genomic,GCF_004001345.1_ASM400134v1_genomic
GCF_003311345.1_ASM331134v1_genomic,GCF_018987345.1_ASM1898734v1_genomic
GCF_003611345.1_ASM361134v1_genomic,GCF_000790345.1_AZPAE15039_genomic
GCF_021311345.1_ASM2131134v1_genomic,GCF_002997345.1_ASM299734v1_genomic
GCF_003413345.1_ASM341334v1_genomic,GCF_003413235.1_ASM341323v1_genomic
GCF_001214345.1_7396_8_95_genomic,GCF_900136345.1_12163_2_79_genomic
GCF_002214345.1_ASM221434v1_genomic,GCF_000733315.1_ASM73331v1_genomic
GCF_003814345.1_ASM381434v1_genomic,GCF_900092345.1_YP4713_genomic
GCF_017314345.1_ASM1731434v1_genomic,GCF_001760345.1_BCW_3859_genomic
GCF_001217345.1_5275_6_8_genomic,GCF_020736345.1_ASM2073634v1_genomic
GCF_001517345.1_JGI_assembly_genomic,GCF_001418005.1_ASM141800v1_genomic
GCF_002117345.1_ASM211734v1_genomic,GCF_023743375.1_ASM2374337v1_genomic
GCF_003417345.1_ASM341734v1_genomic,GCF_900250345.1_H1410_genomic
GCF_004317345.1_ASM431734v1_genomic,GCF_019427375.1_ASM1942737v1_genomic
GCF_005217345.1_ASM521734v1_genomic,GCF_007665345.1_ASM766534v1_genomic
GCF_019317345.1_ASM1931734v1_genomic,GCF_021026175.1_ASM2102617v1_genomic
GCF_900017345.1_11860_4_41_genomic,GCF_900025345.1_12754_2_50_genomic
GCF_001418345.1_ASM141834v1_genomic,GCF_001517265.1_JGI_assembly_genomic
GCF_001319345.1_4976_6_5_genomic,GCF_001219345.1_4976_1_3_genomic
GCF_003319345.1_ASM331934v1_genomic,GCF_003319285.1_ASM331928v1_genomic
GCF_004319345.1_ASM431934v1_genomic,GCF_004314345.1_ASM431434v1_genomic
GCF_007019345.1_ASM701934v2_genomic,GCF_006113225.1_ASM611322v2_genomic
GCF_014219345.1_ASM1421934v1_genomic,GCF_014220855.1_ASM1422085v1_genomic
GCF_016919345.1_ASM1691934v1_genomic,GCF_016919325.1_ASM1691932v1_genomic
GCF_018219345.1_ASM1821934v1_genomic,GCF_900639345.1_E6055_hybrid_assembly_genomic
GCF_018619345.1_ASM1861934v1_genomic,GCF_018678055.1_ASM1867805v1_genomic
GCF_019219345.1_ASM1921934v1_genomic,GCF_000617345.1_Ec06-3484_genomic
GCF_900119345.1_IMG-taxon_2606217744_annotated_assembly_genomic,GCF_008180475.1_ASM818047v1_genomic
GCF_000021345.1_ASM2134v1_genomic,GCF_000271785.1_ASM27178v1_genomic
GCF_000221345.1_ASM22134v1_genomic,GCF_000302855.1_ASM30285v1_genomic
GCF_000621345.1_ASM62134v1_genomic,GCF_000017865.1_ASM1786v1_genomic
GCF_001221345.1_8080_3_12_genomic,GCF_019670345.1_ASM1967034v1_genomic
GCF_008421345.1_ASM842134v1_genomic,GCF_018847755.1_ASM1884775v1_genomic
GCF_022221345.1_ASM2222134v1_genomic,GCF_016068345.1_ASM1606834v1_genomic
GCF_022321345.1_ASM2232134v1_genomic,GCF_001298855.1_11861_6_11_genomic
GCF_900021345.1_11861_5_13_genomic,GCF_900027345.1_12754_2_19_genomic
GCF_900121345.1_14722_7_1_genomic,GCF_000253375.1_ASM25337v1_genomic
GCF_005222345.1_ASM522234v1_genomic,GCF_001753545.1_ASM175354v1_genomic
GCF_000823345.1_12_4042_genomic,GCF_000823885.1_HO92620872_genomic
GCF_001123345.1_5139_1_6_genomic,GCF_003798345.1_ASM379834v1_genomic
GCF_001323345.1_7841_6_26_genomic,GCF_900123945.1_14893_2_31_genomic
GCF_002523345.1_ASM252334v1_genomic,GCF_001826375.1_ASM182637v1_genomic
GCF_003123345.1_ASM312334v1_genomic,GCF_003123055.1_ASM312305v1_genomic
GCF_004023345.1_ASM402334v1_genomic,GCF_004791025.1_ASM479102v1_genomic
GCF_004123345.1_ASM412334v1_genomic,GCF_022553055.1_ASM2255305v1_genomic
GCF_018423345.1_ASM1842334v1_genomic,GCF_005399345.1_ASM539934v1_genomic
GCF_021123345.1_ASM2112334v1_genomic,GCF_002850515.1_ASM285051v1_genomic
GCF_900023345.1_11860_6_27_genomic,GCF_900034055.1_11893_1_82_genomic
GCF_900123345.1_14892_2_48_genomic,GCF_905183045.1_ASM34393v2_genomic
GCF_001324345.1_7755_3_50_genomic,GCF_003027855.2_ASM302785v2_genomic
GCF_002924345.1_ASM292434v1_genomic,GCF_002634025.1_ASM263402v1_genomic
GCF_008124345.1_ASM812434v1_genomic,GCF_019841345.1_ASM1984134v1_genomic
GCF_900124345.1_14893_2_7_genomic,GCF_001105885.1_6280_7_7_genomic
GCF_000225345.1_ASM22534v1_genomic,GCF_902387955.1_UHGG_MGYG-HGUT-02517_genomic
GCF_001026345.1_ASM102634v1_genomic,GCF_021276345.1_ASM2127634v1_genomic
GCF_001126345.1_7004_6_48_genomic,GCF_001115885.1_7011_5_20_genomic
GCF_002126345.1_ASM212634v1_genomic,GCF_023716345.1_ASM2371634v1_genomic
GCF_009826345.1_ASM982634v1_genomic,GCF_023130345.1_ASM2313034v1_genomic
GCF_016726345.1_ASM1672634v1_genomic,GCF_000369885.1_Acin_ursi_NIPH_706_V1_genomic
GCF_018326345.1_ASM1832634v1_genomic,GCF_018326325.1_ASM1832632v1_genomic
GCF_900026345.1_12718_5_85_genomic,GCF_900032345.1_12754_2_28_genomic
GCF_001427345.1_Root149_genomic,GCF_022968395.1_ASM2296839v1_genomic
GCF_001827345.1_ASM182734v1_genomic,GCF_900043345.1_12754_4_82_genomic
GCF_019427345.1_ASM1942734v1_genomic,GCF_900692345.1_9221_6_39_genomic
GCF_900127345.1_14893_2_12_genomic,GCF_905183055.1_ASM34387v2_genomic
GCF_917627345.1_CIP3_genomic,GCF_917627415.1_CIP4_genomic
GCF_000631345.1_Stre_pyog_ABC020048885_V1_genomic,GCF_000630085.1_Stre_pyog_ABC020013551_V1_genomic
GCF_001031345.1_Kleb_pneu_CHS113_V1_genomic,GCF_902507345.1_SRRSH7_genomic
GCF_001931345.1_ASM193134v1_genomic,GCF_023516375.1_ASM2351637v1_genomic
GCF_003431345.1_ASM343134v1_genomic,GCF_001333515.1_5633_3_3_genomic
GCF_008931345.1_ASM893134v1_genomic,GCF_900774885.1_25293_8_28-2_genomic
GCF_018831345.1_ASM1883134v1_genomic,GCF_000961375.1_ASM96137v1_genomic
GCF_900031345.1_12754_3_29_genomic,GCF_900030345.1_12754_2_25_genomic
GCF_903931345.1_1058_09_genomic,GCF_016863855.1_ASM1686385v1_genomic
GCF_905331345.2_AI3010v1_cpp_genomic,GCF_022864855.1_ASM2286485v1_genomic
GCF_001133345.1_7414_6_58_genomic,GCF_918415925.1_Percy975_genomic
GCF_001233345.1_4395_5_11_genomic,GCF_002097375.1_ASM209737v1_genomic
GCF_009833345.1_ASM983334v1_genomic,GCF_022540345.1_ASM2254034v1_genomic
GCF_012933345.2_ASM1293334v2_genomic,GCF_000407345.1_Ente_faec_Efm_NY2-3_V2_genomic
GCF_002334345.1_ASM233434v1_genomic,GCF_001053345.1_ASM105334v1_genomic
GCF_002934345.1_ASM293434v1_genomic,GCF_018596375.1_ASM1859637v1_genomic
GCF_012034345.1_ASM1203434v1_genomic,GCF_000785375.1_PseuBrassicaPP1_210F_1.0_genomic
GCF_019834345.1_ASM1983434v1_genomic,GCF_006234345.1_ASM623434v1_genomic
GCF_900034345.1_11860_5_52_genomic,GCF_001173345.1_5366_5_5_genomic
GCF_900134345.1_12082_5_59_genomic,GCF_900141345.1_10702_1_95_genomic
GCF_900234345.1_FLEC01_assembly_v1_genomic,GCF_900234375.1_MFPB16A15_assembly_v1_genomic
GCF_004635345.1_ASM463534v1_genomic,GCF_004635165.1_ASM463516v1_genomic
GCF_001536345.1_12082_2_67_genomic,GCF_000418855.2_S_marcescensMC6000-1.0_genomic
GCF_003336345.1_ASM333634v1_genomic,GCF_002902985.1_ASM290298v1_genomic
GCF_004636345.1_ASM463634v1_genomic,GCF_001193835.1_5476_3_1_genomic
GCF_006236345.1_ASM623634v1_genomic,GCF_005387345.1_ASM538734v1_genomic
GCF_009736345.1_ASM973634v1_genomic,GCF_023001345.1_ASM2300134v1_genomic
GCF_900636345.2_40871_E01_genomic,GCF_900474685.1_40961_B01_genomic
GCF_001037345.1_ASM103734v1_genomic,GCF_022424345.1_ASM2242434v1_genomic
GCF_001237345.1_7092_1_11_genomic,GCF_001239345.1_7092_1_78_genomic
GCF_003437345.1_ASM343734v1_genomic,GCF_003471595.1_ASM347159v1_genomic
GCF_003937345.2_ASM393734v2_genomic,GCF_021441345.1_ASM2144134v1_genomic
GCF_006237345.1_ASM623734v1_genomic,GCF_013185345.1_ASM1318534v1_genomic
GCF_009737345.1_ASM973734v1_genomic,GCF_001680345.1_ASM168034v1_genomic
GCF_015537345.1_ASM1553734v1_genomic,GCF_023002345.1_ASM2300234v1_genomic
GCF_900137345.1_12163_2_10_genomic,GCF_020735345.1_ASM2073534v1_genomic
GCF_001539345.1_12082_2_88_genomic,GCF_001540025.1_12082_3_40_genomic
GCF_001839345.1_ASM183934v1_genomic,GCF_023508855.1_ASM2350885v1_genomic
GCF_002139345.1_ASM213934v1_genomic,GCF_002139235.1_ASM213923v1_genomic
GCF_002739345.1_ASM273934v1_genomic,GCF_001072535.1_ASM107253v1_genomic
GCF_017939345.1_ASM1793934v1_genomic,GCF_005040345.1_ASM504034v1_genomic
GCF_019839345.1_ASM1983934v1_genomic,GCF_006229345.1_ASM622934v1_genomic
GCF_900139345.1_10625_4_10_genomic,GCF_003582855.1_ASM358285v1_genomic
GCF_001540345.1_12082_3_67_genomic,GCF_004179565.1_ASM417956v1_genomic
GCF_004340345.1_ASM434034v1_genomic,GCF_003751095.1_ASM375109v1_genomic
GCF_019840345.1_ASM1984034v1_genomic,GCF_022764605.1_ASM2276460v1_genomic
GCF_001141345.1_6972_2_8_genomic,GCF_900050345.2_13414_2_88_genomic
GCF_001541345.2_ASM154134v2_genomic,GCF_013317345.1_ASM1331734v1_genomic
GCF_001841345.1_ASM184134v1_genomic,GCF_918419245.1_Percy1129_genomic
GCF_002041345.1_ASM204134v1_genomic,GCF_014349375.1_ASM1434937v1_genomic
GCF_014841345.1_ASM1484134v1_genomic,GCF_014841295.1_ASM1484129v1_genomic
GCF_018141345.1_ASM1814134v1_genomic,GCF_002289345.1_ASM228934v1_genomic
GCF_900041345.1_14555_5_23_genomic,GCF_900033345.1_14555_6_38_genomic
GCF_000443345.1_fedora0206b_IS_genomic,GCF_918422055.1_Percy1102_genomic
GCF_000543345.1_Stap_aure_KINW6048_V1_genomic,GCF_016092345.1_ASM1609234v1_genomic
GCF_001143345.1_6237_8_14_genomic,GCF_001163345.1_6938_3_22_genomic
GCF_001943345.1_ASM194334v1_genomic,GCF_004109835.1_ASM410983v1_genomic
GCF_002243345.2_ASM224334v3_genomic,GCF_001188365.1_ASM118836v1_genomic
GCF_005043345.1_ASM504334v1_genomic,GCF_005041345.1_ASM504134v1_genomic
GCF_900243345.1_R_9385_genomic,GCF_002945855.1_ASM294585v1_genomic
GCF_000545345.1_Stap_aure_M0919_V1_genomic,GCF_002273245.1_ISU-879_v1.0_genomic
GCF_009645345.1_ASM964534v1_genomic,GCF_003595805.1_ASM359580v1_genomic
GCF_018445345.1_ASM1844534v1_genomic,GCF_000498375.2_ASM49837v2_genomic
GCF_000546345.1_Stap_aure_M1011_V1_genomic,GCF_000549345.1_Stap_aure_M1467_V1_genomic
GCF_001846345.1_ASM184634v1_genomic,GCF_918417535.1_Percy157_genomic
GCF_004346345.1_ASM434634v1_genomic,GCF_001368855.1_VRSK9v1_PRJEB5876_genomic
GCF_005146345.1_ASM514634v1_genomic,GCF_002876705.1_ASM287670v1_genomic
GCF_006246345.1_ASM624634v1_genomic,GCF_000298055.1_Aero_hydr_SSU_V1_genomic
GCF_021246345.1_ASM2124634v1_genomic,GCF_021246335.1_ASM2124633v1_genomic
GCF_000548345.1_Stap_aure_M1402_V1_genomic,GCF_002275275.1_ISU-931_v1.0_genomic
GCF_001248345.1_8290_4_87_genomic,GCF_900159025.1_16703_8_8_genomic
GCF_009648345.1_ASM964834v1_genomic,GCF_019282835.1_ASM1928283v1_genomic
GCF_015548345.1_ASM1554834v1_genomic,GCF_900196345.1_F2_85_genomic
GCF_017948345.1_ASM1794834v1_genomic,GCF_018336415.1_ASM1833641v1_genomic
GCF_001149345.1_6925_7_16_genomic,GCF_001094345.1_6871_1_10_genomic
GCF_001449345.1_WH-SGI-V-07062_genomic,GCF_001295345.1_ASM129534v1_genomic
GCF_006349345.1_ASM634934v1_genomic,GCF_020167375.1_ASM2016737v1_genomic
GCF_016949345.1_ASM1694934v1_genomic,GCF_000808375.1_ASM80837v1_genomic
GCF_000550345.1_Stap_aure_M1519_V1_genomic,GCF_021327855.1_ASM2132785v1_genomic
GCF_001850345.1_ASM185034v1_genomic,GCF_019454365.1_ASM1945436v1_genomic
GCF_002750345.1_ASM275034v1_genomic,GCF_007666345.1_ASM766634v1_genomic
GCF_015550345.1_ASM1555034v1_genomic,GCF_013874375.1_ASM1387437v1_genomic
GCF_019050345.1_ASM1905034v1_genomic,GCF_016892805.1_ASM1689280v1_genomic
GCF_003851345.1_ASM385134v1_genomic,GCF_003850345.1_ASM385034v1_genomic
GCF_015551345.1_ASM1555134v1_genomic,GCF_001069375.1_ASM106937v1_genomic
GCF_900251345.1_M3307_genomic,GCF_002275345.1_ISU-948_v1.0_genomic
GCF_000553345.1_Stap_aure_M0187_V1_genomic,GCF_000556345.1_Stap_aure_M0463_V1_genomic
GCF_001153345.1_6899_4_6_genomic,GCF_019446345.1_ASM1944634v1_genomic
GCF_001753345.1_ASM175334v1_genomic,GCF_014789345.1_ASM1478934v1_genomic
GCF_002553345.1_ASM255334v1_genomic,GCF_002224345.1_ASM222434v1_genomic
GCF_008153345.1_ASM815334v1_genomic,GCF_008153055.1_ASM815305v1_genomic
GCF_015553345.1_ASM1555334v1_genomic,GCF_003461215.1_ASM346121v1_genomic
GCF_000555345.1_Stap_aure_M0378_V1_genomic,GCF_003422345.1_ASM342234v1_genomic
GCF_001455345.1_ASM145534v1_genomic,GCF_002571195.1_ASM257119v1_genomic
GCF_004355345.1_ASM435534v1_genomic,GCF_003294345.1_ASM329434v1_genomic
GCF_007955345.1_ASM795534v1_genomic,GCF_014893885.1_ASM1489388v1_genomic
GCF_009755345.1_ASM975534v1_genomic,GCF_002527375.1_ASM252737v1_genomic
GCF_015555345.1_ASM1555534v1_genomic,GCF_001807855.1_ASM180785v1_genomic
GCF_016455345.1_ASM1645534v1_genomic,GCF_005235345.1_ASM523534v1_genomic
GCF_019455345.1_ASM1945534v1_genomic,GCF_902508855.1_ZKP152_genomic
GCF_022555345.1_ASM2255534v1_genomic,GCF_014123345.1_ASM1412334v1_genomic
GCF_023555345.1_ASM2355534v1_genomic,GCF_003431405.1_ASM343140v1_genomic
GCF_000456345.1_Esch_coli_HVH_24_4-5985145_V1_genomic,GCF_000614345.2_Ec2011EL-2312_genomic
GCF_002556345.1_ASM255634v1_genomic,GCF_002552375.1_ASM255237v1_genomic
GCF_003356345.1_ASM335634v1_genomic,GCF_001863345.1_ASM186334v1_genomic
GCF_015556345.1_ASM1555634v1_genomic,GCF_000296465.1_Barn_inte_YIT_11860_V1_genomic
GCF_017356345.1_ASM1735634v1_genomic,GCF_003859345.1_ASM385934v1_genomic
GCF_900056345.1_13154_3_25_genomic,GCF_900170345.1_PMEN_genomic
GCF_001658345.1_ASM165834v1_genomic,GCF_002446375.1_ASM244637v1_genomic
GCF_015558345.1_ASM1555834v1_genomic,GCF_003464745.1_ASM346474v1_genomic
GCF_023658345.1_ASM2365834v1_genomic,GCF_000352345.1_Esch_coli_KTE54_V1_genomic
GCF_900558345.1_9776_8_27_genomic,GCF_008120345.1_ASM812034v1_genomic
GCF_000559345.1_Stap_aure_F41882_V1_genomic,GCF_900324345.1_17_LA_343_genomic
GCF_000659345.1_Myco_tube_TKK_02_0023_V1_genomic,GCF_000328805.1_ASM32880v1_genomic
GCF_000959345.1_ASM95934v1_genomic,GCF_002111345.1_ASM211134v1_genomic
GCF_006659345.1_ASM665934v1_genomic,GCF_021497085.1_ASM2149708v1_genomic
GCF_015559345.1_ASM1555934v1_genomic,GCF_003470215.1_ASM347021v1_genomic
GCF_022559345.1_ASM2255934v1_genomic,GCF_022936345.1_ASM2293634v1_genomic
GCF_900059345.2_13414_2_58_genomic,GCF_013276345.1_ASM1327634v1_genomic
GCF_900159345.1_16703_8_49_genomic,GCF_022973345.1_ASM2297334v1_genomic
GCF_902159345.1_25426_7_70_genomic,GCF_900143345.1_Hp_24-3_05_genomic
GCF_000360345.1_Stap_aure_M0197_V1_genomic,GCF_000609345.1_Stap_aure_DAR1183_V1_genomic
GCF_000560345.1_Stap_aure_H75198_V1_genomic,GCF_900082345.1_12673_3_66_genomic
GCF_000660345.1_Myco_tube_TKK-01-0006_V1_genomic,GCF_918429195.1_Percy22_genomic
GCF_001860345.1_ASM186034v1_genomic,GCF_008083855.1_ASM808385v1_genomic
GCF_002760345.1_ASM276034v1_genomic,GCF_002760415.1_ASM276041v1_genomic
GCF_003460345.1_ASM346034v1_genomic,GCF_003470085.1_ASM347008v1_genomic
GCF_015560345.1_ASM1556034v1_genomic,GCF_009024805.1_ASM902480v1_genomic
GCF_900160345.1_8403_8_65_genomic,GCF_016858345.1_ASM1685834v1_genomic
GCF_000363345.1_Stap_aure_M1321_V1_genomic,GCF_022691345.1_ASM2269134v1_genomic
GCF_000663345.1_Myco_tube_M1520_V1_genomic,GCF_001209805.1_5477_7_6_genomic
GCF_002263345.1_ASM226334v1_genomic,GCF_003031345.1_ASM303134v1_genomic
GCF_003363345.1_ASM336334v1_genomic,GCF_002236345.1_ASM223634v1_genomic
GCF_003463345.1_ASM346334v1_genomic,GCF_003436855.1_ASM343685v1_genomic
GCF_009763345.1_ASM976334v1_genomic,GCF_022289115.1_ASM2228911v1_genomic
GCF_902163345.1_25964_2_114_genomic,GCF_015601345.1_ASM1560134v1_genomic
GCF_904863345.1_MSB1_10D_genomic,GCF_018444055.1_ASM1844405v1_genomic
GCF_000665345.1_Myco_tube_H1856_V1_genomic,GCF_900122275.1_14722_8_16_genomic
GCF_002165345.2_ASM216534v2_genomic,GCF_001696605.3_ASM169660v3_genomic
GCF_002565345.1_ASM256534v1_genomic,GCF_002574345.1_ASM257434v1_genomic
GCF_002865345.1_ASM286534v1_genomic,GCF_015557345.1_ASM1555734v1_genomic
GCF_010365345.1_ASM1036534v1_genomic,GCF_900487345.1_18787_5_37_genomic
GCF_011065345.1_ASM1106534v1_genomic,GCF_900774535.1_25293_8_138-2_genomic
GCF_019265345.1_ASM1926534v1_genomic,GCF_022354565.1_ASM2235456v1_genomic
GCF_900165345.1_16780_8_83_genomic,GCF_003482345.1_ASM348234v1_genomic
GCF_902165345.1_25964_2_319_genomic,GCF_002140345.1_ASM214034v1_genomic
GCF_001168345.1_6972_2_4_genomic,GCF_001106025.1_7004_8_86_genomic
GCF_002568345.1_ASM256834v1_genomic,GCF_000530375.1_BTDB27_001_genomic
GCF_017168345.1_ASM1716834v1_genomic,GCF_000830495.1_ASM83049v1_genomic
GCF_000469345.1_ASM46934v1_genomic,GCF_001406295.1_13414_6_75_genomic
GCF_001969345.1_ASM196934v1_genomic,GCF_002892085.1_ASM289208v1_genomic
GCF_017569345.1_ASM1756934v1_genomic,GCF_014643835.1_ASM1464383v1_genomic
GCF_019469345.1_ASM1946934v1_genomic,GCF_019469365.1_ASM1946936v1_genomic
GCF_019669345.1_ASM1966934v1_genomic,GCF_900080345.1_11641_1_33_genomic
GCF_000370345.1_Bruc_abor_88_217_V1_genomic,GCF_900236345.1_Bru_genome47_genomic
GCF_002570345.1_ASM257034v1_genomic,GCF_002555345.1_ASM255534v1_genomic
GCF_002870345.1_ASM287034v1_genomic,GCF_002870565.1_ASM287056v1_genomic
GCF_003570345.1_ASM357034v1_genomic,GCF_007109345.1_ASM710934v1_genomic
GCF_006370345.1_ASM637034v1_genomic,GCF_001545345.1_ASM154534v1_genomic
GCF_006770345.1_ASM677034v1_genomic,GCF_001078275.1_ASM107827v1_genomic
GCF_015070345.1_ASM1507034v1_genomic,GCF_001365375.1_10608_2_16_genomic
GCF_022870345.1_ASM2287034v1_genomic,GCF_001397855.1_6174_1_2_genomic
GCF_023470345.1_ASM2347034v1_genomic,GCF_019794345.1_ASM1979434v1_genomic
GCF_000272345.2_ASM27234v2_genomic,GCF_003345295.1_ASM334529v1_genomic
GCF_000572345.1_Stap_aure_WMCA6126_V1_genomic,GCF_902722345.1_12378_8_45_genomic
GCF_001572345.1_ASM157234v1_genomic,GCF_005039375.1_ASM503937v1_genomic
GCF_003072345.1_ASM307234v1_genomic,GCF_900136275.1_12163_1_83_genomic
GCF_003472345.1_ASM347234v1_genomic,GCF_003436655.1_ASM343665v1_genomic
GCF_013372345.1_ASM1337234v1_genomic,GCF_003293345.1_ASM329334v1_genomic
GCF_017572345.1_ASM1757234v1_genomic,GCF_003067025.1_ASM306702v1_genomic
GCF_000373345.1_ASM37334v1_genomic,GCF_001553045.1_ASM155304v1_genomic
GCF_000573345.1_Stap_aure_M1318_V1_genomic,GCF_001743345.1_ASM174334v1_genomic
GCF_002873345.1_ASM287334v1_genomic,GCF_002873375.1_ASM287337v1_genomic
GCF_017573345.1_ASM1757334v1_genomic,GCF_004919345.1_ASM491934v1_genomic
GCF_023573345.1_ASM2357334v1_genomic,GCF_001854345.1_ASM185434v1_genomic
GCF_000574345.1_Stap_aure_M1246_V1_genomic,GCF_001936855.1_UCI43_v1.0_genomic
GCF_000774345.1_BCW_21_genomic,GCF_000152345.1_ASM15234v1_genomic
GCF_001074345.1_ASM107434v1_genomic,GCF_023109885.1_ASM2310988v1_genomic
GCF_002074345.1_ASM207434v1_genomic,GCF_016917535.1_ASM1691753v1_genomic
GCF_013074345.1_ASM1307434v1_genomic,GCF_020886375.2_ASM2088637v2_genomic
GCF_020074345.1_ASM2007434v1_genomic,GCF_003309805.1_ASM330980v1_genomic
GCF_021474345.1_ASM2147434v1_genomic,GCF_013162025.1_ASM1316202v1_genomic
GCF_900774345.1_25293_8_105-2_genomic,GCF_001939885.2_ASM193988v2_genomic
GCF_902374345.1_MGYG-HGUT-01366_genomic,GCF_000188195.1_ASM18819v1_genomic
GCF_000575345.1_Stap_aure_M1162_V1_genomic,GCF_002273345.1_ISU-883_v1.0_genomic
GCF_001975345.1_ASM197534v1_genomic,GCF_003597345.1_ASM359734v1_genomic
GCF_002875345.1_ASM287534v1_genomic,GCF_002877345.1_ASM287734v1_genomic
GCF_003675345.1_ASM367534v1_genomic,GCF_012273655.1_ASM1227365v1_genomic
GCF_018075345.1_ASM1807534v1_genomic,GCF_003146345.1_ASM314634v1_genomic
GCF_023375345.1_ASM2337534v1_genomic,GCF_003933345.2_ASM393334v2_genomic
GCF_900075345.1_11983_7_75_genomic,GCF_003965345.2_ASM396534v2_genomic
GCF_900475345.1_42731_H01_genomic,GCF_021869605.1_ASM2186960v1_genomic
GCF_900775345.1_25293_8_72-2_genomic,GCF_019285375.1_ASM1928537v1_genomic
GCF_000277345.1_ASM27734v1_genomic,GCF_001263835.1_ASM126383v1_genomic
GCF_023277345.1_ASM2327734v1_genomic,GCF_022548595.1_ASM2254859v1_genomic
GCF_900477345.2_9179_4_57_genomic,GCF_001862345.1_ASM186234v1_genomic
GCF_013778345.1_ASM1377834v1_genomic,GCF_009758015.1_ASM975801v1_genomic
GCF_020978345.1_ASM2097834v1_genomic,GCF_000629345.1_Pseu_aeru_PAO1-GFP_V1_genomic
GCF_023278345.1_ASM2327834v1_genomic,GCF_009177345.1_ASM917734v1_genomic
GCF_001280345.1_ASM128034v1_genomic,GCF_008388345.1_ASM838834v1_genomic
GCF_008180345.1_ASM818034v1_genomic,GCF_000959025.1_ASM95902v1_genomic
GCF_900480345.1_17328_2_70_genomic,GCF_900488345.1_18787_6_73_genomic
GCF_001482345.1_ASM148234v1_genomic,GCF_902162215.1_25426_7_383_genomic
GCF_003382345.1_ASM338234v1_genomic,GCF_002566345.1_ASM256634v1_genomic
GCF_005382345.1_ASM538234v1_genomic,GCF_000026345.1_ASM2634v1_genomic
GCF_014982345.1_ASM1498234v1_genomic,GCF_001562175.1_ASM156217v1_genomic
GCF_000183345.1_ASM18334v1_genomic,GCF_014117345.2_ASM1411734v2_genomic
GCF_001083345.1_9803_7_31_genomic,GCF_001156345.1_5366_3_8_genomic
GCF_004283345.1_ASM428334v1_genomic,GCF_003956345.1_ASM395634v1_genomic
GCF_005383345.1_ASM538334v1_genomic,GCF_000351345.1_Esch_coli_KTE234_V1_genomic
GCF_020683345.1_ASM2068334v1_genomic,GCF_003392345.1_ASM339234v1_genomic
GCF_000185345.1_ASM18534v1_genomic,GCF_902374245.1_MGYG-HGUT-01358_genomic
GCF_001985345.1_ASM198534v1_genomic,GCF_009626375.1_ASM962637v1_genomic
GCF_013385345.1_ASM1338534v1_genomic,GCF_900105735.1_IMG-taxon_2667528168_annotated_assembly_genomic
GCF_020985345.1_ASM2098534v1_genomic,GCF_019693855.1_ASM1969385v1_genomic
GCF_900085345.1_12045_7_19_genomic,GCF_900173345.1_20794_7_171_genomic
GCF_900485345.1_19646_6_7_genomic,GCF_005385345.1_ASM538534v1_genomic
GCF_002087345.1_ASM208734v1_genomic,GCF_003383395.1_ASM338339v1_genomic
GCF_003187345.1_ASM318734v1_genomic,GCF_001826345.1_ASM182634v1_genomic
GCF_013187345.1_ASM1318734v1_genomic,GCF_002845345.1_ASM284534v1_genomic
GCF_900187345.1_42650_A02_genomic,GCF_001331415.1_5515_7_9_genomic
GCF_000988345.1_ASM98834v1_genomic,GCF_002005345.1_ASM200534v1_genomic
GCF_002188345.1_ASM218834v1_genomic,GCF_001189025.1_ASM118902v1_genomic
GCF_005388345.1_ASM538834v1_genomic,GCF_001283345.1_8205_3_55_genomic
GCF_009788345.1_ASM978834v1_genomic,GCF_001759345.1_ASM175934v1_genomic
GCF_018988345.1_ASM1898834v1_genomic,GCF_022605345.1_ASM2260534v1_genomic
GCF_900188345.1_IMG-taxon_2671180041_annotated_assembly_genomic,GCF_003203775.1_ASM320377v1_genomic
GCF_005391345.1_ASM539134v1_genomic,GCF_003243535.1_ASM324353v1_genomic
GCF_010591345.1_ASM1059134v1_genomic,GCF_006234375.1_ASM623437v1_genomic
GCF_900591345.1_10209_8_16_genomic,GCF_018228345.1_ASM1822834v1_genomic
GCF_000792345.1_AZPAE14985_genomic,GCF_001813025.1_ASM181302v1_genomic
GCF_001692345.1_ASM169234v1_genomic,GCF_023512925.1_ASM2351292v1_genomic
GCF_003992345.1_ASM399234v1_genomic,GCF_900498375.1_ASMTUEKL_8_genomic
GCF_005392345.1_ASM539234v1_genomic,GCF_021568345.1_ASM2156834v1_genomic
GCF_009892345.1_ASM989234v1_genomic,GCF_001932555.1_ASM193255v1_genomic
GCF_014192345.1_ASM1419234v1_genomic,GCF_000937375.1_Velvet_assembly_genomic
GCF_015992345.1_ASM1599234v1_genomic,GCF_020592375.1_ASM2059237v1_genomic
GCF_017892345.1_ASM1789234v1_genomic,GCF_017892415.1_ASM1789241v1_genomic
GCF_021192345.1_ASM2119234v1_genomic,GCF_902704345.1_Kpngiani7132617_genomic
GCF_000396345.1_Ente_faec_B3196_V1_genomic,GCF_002110435.1_S14_genomic
GCF_000796345.1_AZPAE14453_genomic,GCF_001516265.1_ASM151626v1_genomic
GCF_001996345.1_ASM199634v1_genomic,GCF_000322345.1_Ente_faec_E1321_V1_genomic
GCF_017096345.2_ASM1709634v2_genomic,GCF_900477855.2_9179_4_96_genomic
GCF_017896345.1_ASM1789634v1_genomic,GCF_005862115.1_ASM586211v1_genomic
GCF_023196345.1_ASM2319634v1_genomic,GCF_020230345.1_ASM2023034v1_genomic
GCF_900496345.1_24276_2_304_genomic,GCF_005280375.1_ASM528037v1_genomic
GCF_000497345.1_MP9_genomic,GCF_002893805.1_ASM289380v1_genomic
GCF_000797345.1_AZPAE14711_genomic,GCF_022423345.1_ASM2242334v1_genomic
GCF_001697345.1_ASM169734v1_genomic,GCF_003995895.1_ASM399589v1_genomic
GCF_002197345.1_ASM219734v1_genomic,GCF_000564975.1_version_1.0_of_Enterobacter_cloacae_subsp._cloacae_SY-70_Genome_sequencing_genomic
GCF_005397345.1_ASM539734v1_genomic,GCF_014863345.1_ASM1486334v1_genomic
GCF_013297345.1_ASM1329734v1_genomic,GCF_013297375.1_ASM1329737v1_genomic
GCF_013797345.1_ASM1379734v1_genomic,GCF_002903215.1_ASM290321v1_genomic
GCF_021497345.1_ASM2149734v1_genomic,GCF_001450345.1_WH-SGI-V-07053_genomic
GCF_900097345.1_15056_7_51_genomic,GCF_017329345.1_ASM1732934v1_genomic
GCF_900597345.1_10156_8_30_genomic,GCF_900592345.1_10156_3_47_genomic
GCF_022699345.1_ASM2269934v1_genomic,GCF_017922375.1_ASM1792237v1_genomic
GCF_001200695.1_6807_2_20_genomic,GCF_900038695.1_11511_8_28_genomic
GCF_001400695.1_ParICMP4457_genomic,GCF_001400345.1_PgcICMP4323_genomic
GCF_001900695.1_ASM190069v1_genomic,GCF_014903695.1_ASM1490369v1_genomic
GCF_014200695.1_ASM1420069v1_genomic,GCF_014200645.1_ASM1420064v1_genomic
GCF_014900695.1_ASM1490069v1_genomic,GCF_001386695.1_8987_4_89_genomic
GCF_022700695.1_ASM2270069v1_genomic,GCF_009676805.1_ASM967680v1_genomic
GCF_901600695.1_PRJEB32461-P5460_genomic,GCF_901600705.1_PRJEB32461-P4904_genomic
GCF_001401695.1_Dsl_1.0_genomic,GCF_000365345.1_DSOMK16_1.0_genomic
GCF_017301695.1_ASM1730169v1_genomic,GCF_021903375.1_ASM2190337v1_genomic
GCF_001202695.1_5463_7_1_genomic,GCF_001988695.1_ASM198869v1_genomic
GCF_003002695.1_ASM300269v1_genomic,GCF_002105695.1_ASM210569v1_genomic
GCF_003602695.1_ASM360269v1_genomic,GCF_015560695.1_ASM1556069v1_genomic
GCF_004102695.1_ASM410269v1_genomic,GCF_900221025.1_IMG-taxon_2671180026_annotated_assembly_genomic
GCF_004302695.1_ASM430269v1_genomic,GCF_004301695.1_ASM430169v1_genomic
GCF_009902695.1_ASM990269v1_genomic,GCF_003302695.1_ASM330269v1_genomic
GCF_010602695.1_ASM1060269v1_genomic,GCF_900180695.1_14893_8_69_genomic
GCF_014202695.1_ASM1420269v1_genomic,GCF_000238055.2_Oribacterium_sp_ACB1_V2_genomic
GCF_022802695.1_ASM2280269v1_genomic,GCF_009821695.1_ASM982169v1_genomic
GCF_023702695.1_ASM2370269v1_genomic,GCF_022809695.1_ASM2280969v1_genomic
GCF_000303695.2_ASM30369v2_genomic,GCF_900481695.1_17870_6_55_genomic
GCF_001703695.1_ASM170369v1_genomic,GCF_001354695.1_8727_8_6_genomic
GCF_002803695.1_ASM280369v1_genomic,GCF_004322695.1_ASM432269v1_genomic
GCF_003203695.1_ASM320369v1_genomic,GCF_014495885.1_ASM1449588v1_genomic
GCF_006503695.1_ASM650369v1_genomic,GCF_000425565.1_ASM42556v1_genomic
GCF_016803695.1_ASM1680369v1_genomic,GCF_022982375.1_ASM2298237v1_genomic
GCF_019703695.1_ASM1970369v1_genomic,GCF_900044695.1_14412_4_5_genomic
GCF_902703695.1_Kpngiani7132567_genomic,GCF_900181695.1_14936_2_37_genomic
GCF_009904695.1_ASM990469v1_genomic,GCF_019092345.1_ASM1909234v1_genomic
GCF_010604695.1_ASM1060469v1_genomic,GCF_022750695.1_ASM2275069v1_genomic
GCF_014304695.1_ASM1430469v1_genomic,GCF_000955695.1_ASM95569v1_genomic
GCF_016604695.1_ASM1660469v1_genomic,GCF_016600695.1_ASM1660069v1_genomic
GCF_016904695.1_ASM1690469v1_genomic,GCF_019282695.1_ASM1928269v1_genomic
GCF_022604695.1_ASM2260469v1_genomic,GCF_022655055.1_ASM2265505v1_genomic
GCF_001405695.1_13414_6_55_genomic,GCF_020091345.1_ASM2009134v1_genomic
GCF_002705695.1_ASM270569v1_genomic,GCF_000156695.2_ASM15669v2_genomic
GCF_004105695.1_ASM410569v1_genomic,GCF_001383695.1_7755_2_10_genomic
GCF_008305695.1_ASM830569v1_genomic,GCF_003457695.1_ASM345769v1_genomic
GCF_902705695.1_21877_MH06_genomic,GCF_900083695.1_12045_6_61_genomic
GCF_001406695.1_13470_2_72_genomic,GCF_009876345.1_ASM987634v1_genomic
GCF_001606695.1_ASM160669v1_genomic,GCF_023206695.1_ASM2320669v1_genomic
GCF_004306695.1_ASM430669v1_genomic,GCF_014198695.1_ASM1419869v1_genomic
GCF_009806695.1_ASM980669v1_genomic,GCF_014876695.1_ASM1487669v1_genomic
GCF_001407695.1_24_S23_genomic,GCF_017813695.1_ASM1781369v1_genomic
GCF_008807695.1_ASM880769v1_genomic,GCF_000828695.1_ASM82869v1_genomic
GCF_009207695.1_ASM920769v1_genomic,GCF_902723695.1_Kpn154_genomic
GCF_001908695.1_ASM190869v1_genomic,GCF_016651695.1_ASM1665169v1_genomic
GCF_003008695.1_ASM300869v1_genomic,GCF_900416805.1_ART1_genomic
GCF_003408695.1_ASM340869v1_genomic,GCF_001008695.1_ASM100869v1_genomic
GCF_004208695.1_ASM420869v1_genomic,GCF_023651695.1_ASM2365169v1_genomic
GCF_009708695.1_ASM970869v1_genomic,GCF_009709375.1_ASM970937v1_genomic
GCF_022808695.1_ASM2280869v1_genomic,GCF_022808715.1_ASM2280871v1_genomic
GCF_929608695.1_cpe028_genomic,GCF_011008695.1_ASM1100869v1_genomic
GCF_001409695.1_12227_3_11_genomic,GCF_020807695.1_ASM2080769v1_genomic
GCF_001809695.1_ASM180969v1_genomic,GCF_001811805.1_ASM181180v1_genomic
GCF_904809695.1_27970_1_342_genomic,GCF_900487695.1_18787_7_79_genomic
GCF_000710695.1_Ralstonia_solanacearum_R3bv2_strain_NCPPB909_genomic,GCF_014210375.1_ASM1421037v1_genomic
GCF_001010695.1_A.butzleri_L353_1.0_genomic,GCF_000215345.2_ASM21534v3_genomic
GCF_001810695.1_ASM181069v1_genomic,GCF_007678885.1_ASM767888v1_genomic
GCF_003010695.1_ASM301069v1_genomic,GCF_900077345.1_12045_4_61_genomic
GCF_004010695.1_ASM401069v1_genomic,GCF_003018695.1_ASM301869v1_genomic
GCF_001811695.1_ASM181169v1_genomic,GCF_019733695.1_ASM1973369v1_genomic
GCF_002111695.1_ASM211169v1_genomic,GCF_900107345.1_IMG-taxon_2687453749_annotated_assembly_genomic
GCF_009811695.1_ASM981169v1_genomic,GCF_012767855.1_ASM1276785v1_genomic
GCF_000512695.2_ASM51269v2_genomic,GCF_003732275.1_ASM373227v1_genomic
GCF_001412695.1_ASM141269v1_genomic,GCF_017815695.1_ASM1781569v1_genomic
GCF_001812695.1_ASM181269v1_genomic,GCF_001836345.1_ASM183634v1_genomic
GCF_002112695.1_ASM211269v1_genomic,GCF_000620365.1_ASM62036v1_genomic
GCF_003412695.1_ASM341269v1_genomic,GCF_023232345.1_ASM2323234v1_genomic
GCF_003612695.1_ASM361269v1_genomic,GCF_009390695.1_ASM939069v1_genomic
GCF_004112695.1_ASM411269v1_genomic,GCF_001390695.1_8939_3_25_genomic
GCF_023612695.1_ASM2361269v1_genomic,GCF_012368345.1_ASM1236834v1_genomic
GCF_901212695.1_NZ_Shigella_flexneri_MC1_genomic,GCF_009790695.1_ASM979069v1_genomic
GCF_000513695.1_ASM51369v1_genomic,GCF_900032695.1_12754_4_68_genomic
GCF_001913695.1_ASM191369v1_genomic,GCF_001895695.1_ASM189569v1_genomic
GCF_009913695.1_ASM991369v1_genomic,GCF_019425695.1_ASM1942569v1_genomic
GCF_013113695.1_ASM1311369v1_genomic,GCF_002966535.1_ASM296653v1_genomic
GCF_016613695.1_ASM1661369v1_genomic,GCF_900494695.1_24276_2_153_genomic
GCF_001614695.1_ASM161469v1_genomic,GCF_022014695.1_ASM2201469v1_genomic
GCF_001814695.1_ASM181469v1_genomic,GCF_001074375.1_ASM107437v1_genomic
GCF_004014695.1_ASM401469v1_genomic,GCF_004135205.1_ASM413520v1_genomic
GCF_007114695.1_ASM711469v1_genomic,GCF_900165695.1_16852_2_56_genomic
GCF_021414695.1_ASM2141469v1_genomic,GCF_000492695.1_Kleb_pneu_BWH_30_V1_genomic
GCF_000615695.1_Ec2011EL-2101_genomic,GCF_022493695.1_ASM2249369v1_genomic
GCF_003415695.1_ASM341569v1_genomic,GCF_016308345.1_ASM1630834v1_genomic
GCF_013315695.1_ASM1331569v1_genomic,GCF_001615695.1_ASM161569v1_genomic
GCF_020215695.1_ASM2021569v1_genomic,GCF_000369345.1_Acin_baum_NIPH_80_V1_genomic
GCF_900115695.1_IMG-taxon_2663762766_annotated_assembly_genomic,GCF_004369025.1_ASM436902v1_genomic
GCF_000216695.1_CLC_glsol141_genomic,GCF_002916855.1_ASM291685v1_genomic
GCF_000516695.1_Bart_hens_JK_50_V1_genomic,GCF_902728085.1_Bartonella_henselae_BM1374165_genomic
GCF_004116695.1_ASM411669v1_genomic,GCF_017164695.1_ASM1716469v1_genomic
GCF_900116695.1_ASM90011669v1_genomic,GCF_016756055.1_ASM1675605v1_genomic
GCF_000317695.1_ASM31769v1_genomic,GCF_019800605.1_Anabaena_cylindrica_ATCC_29414_vegetative_cell_genome_assembly_genomic
GCF_002317695.1_ASM231769v1_genomic,GCF_002765695.1_ASM276569v1_genomic
GCF_005217695.1_ASM521769v1_genomic,GCF_002565695.1_ASM256569v1_genomic
GCF_016617695.1_ASM1661769v1_genomic,GCF_017134375.1_ASM1713437v1_genomic
GCF_016917695.1_ASM1691769v1_genomic,GCF_011465695.1_ASM1146569v1_genomic
GCF_023517695.1_ASM2351769v1_genomic,GCF_900117695.2_7468_1_28_genomic
GCF_000418695.2_E_coliAB43739056-isolate1-1.0_genomic,GCF_900166695.1_Isolate_3_genomic
GCF_002018695.1_ASM201869v1_genomic,GCF_000736345.1_ASM73634v1_genomic
GCF_013318695.1_ASM1331869v1_genomic,GCF_013318375.1_ASM1331837v1_genomic
GCF_018618695.1_ASM1861869v1_genomic,GCF_018618655.1_ASM1861865v1_genomic
GCF_001019695.1_ASM101969v1_genomic,GCF_001039695.1_emm89-1_genomic
GCF_001419695.1_ASM141969v1_genomic,GCF_000829695.1_ASM82969v1_genomic
GCF_002019695.1_ASM201969v1_genomic,GCF_002153445.1_ASM215344v1_genomic
GCF_003019695.1_ASM301969v1_genomic,GCF_000158835.2_Fuso_gon_ATCC25563_V2_genomic
GCF_010119695.1_ASM1011969v1_genomic,GCF_010119855.1_ASM1011985v1_genomic
GCF_011319695.1_ASM1131969v1_genomic,GCF_900097695.1_12291_8_47_genomic
GCF_014219695.1_ASM1421969v1_genomic,GCF_023336695.1_ASM2333669v1_genomic
GCF_900019695.1_12673_7_50_genomic,GCF_900692695.1_12837_1_67-2_genomic
GCF_900119695.1_PRJEB17950_genomic,GCF_001813085.1_ASM181308v1_genomic
GCF_003320695.1_ASM332069v1_genomic,GCF_900179695.1_19789_6_73_genomic
GCF_014220695.1_ASM1422069v1_genomic,GCF_014220345.1_ASM1422034v1_genomic
GCF_015220695.1_ASM1522069v1_genomic,GCF_021328695.1_ASM2132869v1_genomic
GCF_018420695.1_ASM1842069v1_genomic,GCF_002266695.1_ASM226669v1_genomic
GCF_019120695.1_ASM1912069v1_genomic,GCF_003028695.1_ASM302869v1_genomic
GCF_900020695.1_11860_7_29_genomic,GCF_013276695.1_ASM1327669v1_genomic
GCF_905220695.1_XA1311A_genomic,GCF_014199025.1_ASM1419902v1_genomic
GCF_000521695.1_ASM52169v1_genomic,GCF_000521655.1_ASM52165v1_genomic
GCF_008421695.1_ASM842169v1_genomic,GCF_018847695.1_ASM1884769v1_genomic
GCF_013821695.1_ASM1382169v1_genomic,GCF_018447695.1_ASM1844769v1_genomic
GCF_016621695.1_ASM1662169v1_genomic,GCF_002121695.1_ASM212169v1_genomic
GCF_017921695.1_ASM1792169v1_genomic,GCF_017920695.1_ASM1792069v1_genomic
GCF_018421695.1_ASM1842169v1_genomic,GCF_023059695.1_ASM2305969v1_genomic
GCF_022921695.1_ASM2292169v1_genomic,GCF_016755695.1_ASM1675569v1_genomic
GCF_900021695.1_11861_3_14_genomic,GCF_900059695.2_12291_5_6_genomic
GCF_922021695.1_Pectobacterium_versatile_A96-S13-F16_genomic,GCF_016949695.1_ASM1694969v1_genomic
GCF_000622695.2_Ec2010C-3472_genomic,GCF_009822695.1_ASM982269v1_genomic
GCF_021022695.1_ASM2102269v1_genomic,GCF_900028695.1_12754_3_55_genomic
GCF_900122695.1_14722_8_6_genomic,GCF_900120695.1_14722_6_32_genomic
GCF_000623695.2_ASM62369v2_genomic,GCF_002723695.1_ASM272369v1_genomic
GCF_002123695.1_ASM212369v1_genomic,GCF_900126695.1_17175_3_36_genomic
GCF_002523695.1_ASM252369v1_genomic,GCF_019740695.1_ASM1974069v1_genomic
GCF_004123695.1_ASM412369v1_genomic,GCF_016865345.1_ASM1686534v1_genomic
GCF_022923695.1_ASM2292369v1_genomic,GCF_000345345.2_ASM34534v2_genomic
GCF_900023695.1_11860_7_33_genomic,GCF_001326695.1_5242_7_6_genomic
GCF_001024695.1_ASM102469v1_genomic,GCF_003073695.1_ASM307369v1_genomic
GCF_002124695.1_ASM212469v1_genomic,GCF_021327695.1_ASM2132769v1_genomic
GCF_900024695.1_14412_3_24_genomic,GCF_900027695.1_12718_4_60_genomic
GCF_000625695.2_ASM62569v2_genomic,GCF_003590695.1_ASM359069v1_genomic
GCF_014725695.1_ASM1472569v1_genomic,GCF_019443465.1_ASM1944346v1_genomic
GCF_900025695.1_14555_5_74_genomic,GCF_900024345.1_14355_5_48_genomic
GCF_000626695.2_ASM62669v2_genomic,GCF_003596695.1_ASM359669v1_genomic
GCF_002126695.1_ASM212669v1_genomic,GCF_900474695.1_41004_B01_genomic
GCF_009626695.1_ASM962669v1_genomic,GCF_001332695.1_5601_3_11_genomic
GCF_009826695.1_ASM982669v1_genomic,GCF_900774695.1_25293_8_153-2_genomic
GCF_016026695.1_ASM1602669v1_genomic,GCF_016127375.1_ASM1612737v1_genomic
GCF_016126695.1_ASM1612669v1_genomic,GCF_004307375.1_ASM430737v1_genomic
GCF_900026695.1_12754_3_17_genomic,GCF_900029695.1_12754_1_76_genomic
GCF_001327695.1_6540_7_7_genomic,GCF_000675695.1_Myco_tube_TB_RSA122_V1_genomic
GCF_002527695.1_ASM252769v1_genomic,GCF_001827695.1_ASM182769v1_genomic
GCF_002927695.1_ASM292769v1_genomic,GCF_014527695.1_ASM1452769v1_genomic
GCF_004127695.1_ASM412769v1_genomic,GCF_900775695.1_27035_8_6-2_genomic
GCF_007827695.1_ASM782769v1_genomic,GCF_002302375.1_ASM230237v1_genomic
GCF_009627695.1_ASM962769v1_genomic,GCF_001333695.1_5476_7_5_genomic
GCF_016027695.1_ASM1602769v1_genomic,GCF_900075695.1_11983_6_30_genomic
GCF_016127695.1_ASM1612769v1_genomic,GCF_001575695.1_ASM157569v1_genomic
GCF_020827695.1_ASM2082769v1_genomic,GCF_003475695.1_ASM347569v1_genomic
GCF_000528695.1_Stap_aure_M0707_V1_genomic,GCF_000571695.1_Stap_aure_F29993_V1_genomic
GCF_001628695.1_ASM162869v1_genomic,GCF_004194495.1_ASM419449v1_genomic
GCF_002928695.1_ASM292869v1_genomic,GCF_020579695.1_ASM2057969v1_genomic
GCF_003628695.1_ASM362869v1_genomic,GCF_000632375.1_Pectobacterium_wasabiae_CFIA1002_genomic
GCF_007828695.1_ASM782869v1_genomic,GCF_021083325.1_ASM2108332v1_genomic
GCF_016028695.1_ASM1602869v1_genomic,GCF_023277805.1_ASM2327780v1_genomic
GCF_900128695.1_14324_2_71_genomic,GCF_003595345.1_ASM359534v1_genomic
GCF_010229695.1_ASM1022969v1_genomic,GCF_008422695.1_ASM842269v1_genomic
GCF_012029695.2_ASM1202969v2_genomic,GCF_020577695.1_ASM2057769v1_genomic
GCF_020229695.1_ASM2022969v1_genomic,GCF_013179695.1_ASM1317969v1_genomic
GCF_900129695.1_IMG-taxon_2595698223_annotated_assembly_genomic,GCF_001469345.1_XYFPCFBP8072_genomic
GCF_000530695.1_T19_genomic,GCF_003095695.1_ASM309569v1_genomic
GCF_001930695.1_ASM193069v1_genomic,GCF_007974375.1_ASM797437v1_genomic
GCF_008630695.1_ASM863069v1_genomic,GCF_014638695.1_ASM1463869v1_genomic
GCF_009830695.1_ASM983069v1_genomic,GCF_005238695.1_ASM523869v1_genomic
GCF_012030695.1_ASM1203069v1_genomic,GCF_002204235.2_ASM220423v2_genomic
GCF_900030695.1_12718_5_22_genomic,GCF_001330695.1_5392_6_10_genomic
GCF_902830695.1_ASM90283069v1_genomic,GCF_011605345.1_ASM1160534v1_genomic
GCF_000331695.1_ASM33169v1_genomic,GCF_009690695.1_ASM969069v1_genomic
GCF_000531695.1_E9_genomic,GCF_900164695.1_16852_2_23_genomic
GCF_001331695.1_5515_8_4_genomic,GCF_004009695.1_ASM400969v1_genomic
GCF_002931695.1_ASM293169v1_genomic,GCF_002930885.1_ASM293088v1_genomic
GCF_006231695.1_ASM623169v1_genomic,GCF_003009695.1_ASM300969v1_genomic
GCF_007831695.1_ASM783169v1_genomic,GCF_007831375.1_ASM783137v1_genomic
GCF_010731695.1_ASM1073169v1_genomic,GCF_004366555.1_ASM436655v1_genomic
GCF_014131695.1_ASM1413169v1_genomic,GCF_016766855.1_ASM1676685v1_genomic
GCF_019731695.1_ASM1973169v1_genomic,GCF_001404695.1_14207_7_25_genomic
GCF_019931695.1_ASM1993169v1_genomic,GCF_000694695.1_Kleb_pneu_MGH_73_V1_genomic
GCF_902831695.1_ASM90283169v1_genomic,GCF_902831345.1_ASM90283134v1_genomic
GCF_001032695.1_Kleb_pneu_CHS195_V1_genomic,GCF_003432695.1_ASM343269v1_genomic
GCF_001932695.1_ASM193269v1_genomic,GCF_014081885.1_ASM1408188v1_genomic
GCF_011032695.1_ASM1103269v1_genomic,GCF_014235695.1_ASM1423569v1_genomic
GCF_000633695.1_Serr_marc_BIDMC_81_V1_genomic,GCF_002220695.1_ASM222069v1_genomic
GCF_003433695.1_ASM343369v1_genomic,GCF_003433755.1_ASM343375v1_genomic
GCF_006233695.1_ASM623369v1_genomic,GCF_006236695.1_ASM623669v1_genomic
GCF_900033695.1_12754_5_26_genomic,GCF_018336695.1_ASM1833669v1_genomic
GCF_900133695.1_12163_1_18_genomic,GCF_000333695.1_ASM33369v1_genomic
GCF_001034695.1_ASM103469v1_genomic,GCF_019134695.1_ASM1913469v1_genomic
GCF_002934695.1_ASM293469v1_genomic,GCF_001334695.1_6593_5_12_genomic
GCF_003634695.1_ASM363469v1_genomic,GCF_006234695.1_ASM623469v1_genomic
GCF_012934695.1_ASM1293469v1_genomic,GCF_900637695.1_52451_C01_genomic
GCF_014334695.1_ASM1433469v1_genomic,GCF_021134695.1_ASM2113469v1_genomic
GCF_900034695.1_12754_5_84_genomic,GCF_000534695.1_Ente_cloa_complex_MGH_6_V2_genomic
GCF_003435695.1_ASM343569v1_genomic,GCF_018785505.1_ASM1878550v1_genomic
GCF_009935695.1_ASM993569v1_genomic,GCF_019286695.1_ASM1928669v1_genomic
GCF_012935695.1_ASM1293569v1_genomic,GCF_018614655.1_ASM1861465v1_genomic
GCF_900135695.1_11861_7_56_genomic,GCF_900130695.1_11861_7_39_genomic
GCF_000736695.1_XBKBD_3526_PRJEB4325_genomic,GCF_000736535.1_XBO_3527_PRJEB4323_genomic
GCF_000836695.1_ASM83669v1_genomic,GCF_000379485.1_ASM37948v1_genomic
GCF_001436695.1_ASM143669v1_genomic,GCF_002253345.1_ASM225334v1_genomic
GCF_001936695.1_UCI03_v1.0_genomic,GCF_000636695.1_Stap_aure_1111203374_V1_genomic
GCF_004136695.1_ASM413669v1_genomic,GCF_014931695.1_ASM1493169v1_genomic
GCF_900036695.1_14355_4_6_genomic,GCF_015707695.1_ASM1570769v1_genomic
GCF_900636695.1_43874_B01_genomic,GCF_000639695.1_Stap_aure_R0545_V1_genomic
GCF_001337695.1_6730_7_9_genomic,GCF_900056695.2_11657_8_27_genomic
GCF_001837695.1_ASM183769v1_genomic,GCF_900178695.1_19789_5_41_genomic
GCF_003437695.1_ASM343769v1_genomic,GCF_015668695.1_ASM1566869v1_genomic
GCF_009737695.1_ASM973769v1_genomic,GCF_005785695.1_ASM578569v1_genomic
GCF_013737695.1_ASM1373769v1_genomic,GCF_021137695.1_ASM2113769v1_genomic
GCF_014637695.1_ASM1463769v1_genomic,GCF_000637695.1_Stap_aure_2393-19_V1_genomic
GCF_016837695.1_ASM1683769v1_genomic,GCF_006237695.1_ASM623769v1_genomic
GCF_018437695.1_ASM1843769v1_genomic,GCF_002443055.1_ASM244305v1_genomic
GCF_900137695.1_12163_2_45_genomic,GCF_900141695.1_12163_2_93_genomic
GCF_000538695.1_Stap_aure_COAS6038_V1_genomic,GCF_000638695.1_Stap_aure_C2930_V1_genomic
GCF_000738695.1_ASM73869v1_genomic,GCF_002155735.1_ASM215573v1_genomic
GCF_001838695.1_ASM183869v1_genomic,GCF_900112375.1_IMG-taxon_2663762793_annotated_assembly_genomic
GCF_002938695.1_ASM293869v1_genomic,GCF_009914375.1_ASM991437v1_genomic
GCF_020138695.1_ASM2013869v1_genomic,GCF_016027375.1_ASM1602737v1_genomic
GCF_900138695.1_20034_1_6_genomic,GCF_017190695.1_ASM1719069v1_genomic
GCF_900638695.1_59178_A02_genomic,GCF_023147695.1_ASM2314769v1_genomic
GCF_000239695.1_Acti_grae_C83_V1_genomic,GCF_002871975.1_ASM287197v1_genomic
GCF_000539695.1_Stap_aure_OCMM6003_V1_genomic,GCF_009739695.1_ASM973969v1_genomic
GCF_002139695.1_ASM213969v1_genomic,GCF_002138695.1_ASM213869v1_genomic
GCF_003939695.1_ASM393969v1_genomic,GCF_022807695.1_ASM2280769v1_genomic
GCF_016939695.1_ASM1693969v1_genomic,GCF_902704695.1_Kpngiani7132504_genomic
GCF_020639695.1_ASM2063969v1_genomic,GCF_018439695.1_ASM1843969v1_genomic
GCF_000540695.1_Stap_aure_UCIM6056_V1_genomic,GCF_000640695.1_Stap_aure_VET0061R_V1_genomic
GCF_001640695.1_ASM164069v1_genomic,GCF_001396695.1_6280_4_5_genomic
GCF_002140695.1_ASM214069v1_genomic,GCF_016727345.1_ASM1672734v1_genomic
GCF_014640695.1_ASM1464069v1_genomic,GCF_900116445.1_IMG-taxon_2671180117_annotated_assembly_genomic
GCF_023740695.1_ASM2374069v1_genomic,GCF_023740605.1_ASM2374060v1_genomic
GCF_000341695.1_ASM34169v1_genomic,GCF_018409405.1_ASM1840940v1_genomic
GCF_000441695.1_ASM44169v1_genomic,GCF_000590735.1_ASM59073v1_genomic
GCF_000541695.1_Stap_aure_UCIM6081_V1_genomic,GCF_000641695.1_Stap_aure_VET0133R_V1_genomic
GCF_000941695.1_Velvet_assembly_genomic,GCF_900058695.1_7114_5_58_genomic
GCF_001341695.1_6805_4_15_genomic,GCF_900049695.1_4525_8_12_genomic
GCF_001641695.1_ASM164169v1_genomic,GCF_001641635.1_ASM164163v1_genomic
GCF_001941695.1_ASM194169v1_genomic,GCF_002073975.1_ASM207397v1_genomic
GCF_002441695.1_ASM244169v1_genomic,GCF_900094145.1_CNCM_I-4031_genomic
GCF_003941695.1_ASM394169v1_genomic,GCF_001541695.1_ASM154169v1_genomic
GCF_005041695.1_ASM504169v1_genomic,GCF_022541695.1_ASM2254169v1_genomic
GCF_014141695.1_ASM1414169v1_genomic,GCF_022214855.1_ASM2221485v1_genomic
GCF_014841695.1_ASM1484169v1_genomic,GCF_014841805.1_ASM1484180v1_genomic
GCF_020341695.1_ASM2034169v1_genomic,GCF_015548695.1_ASM1554869v1_genomic
GCF_000542695.1_Stap_aure_PLAC6043_V1_genomic,GCF_009912695.1_ASM991269v1_genomic
GCF_000742695.1_ASM74269v1_genomic,GCF_000161695.1_ASM16169v1_genomic
GCF_001542695.1_ASM154269v1_genomic,GCF_003702345.1_ASM370234v1_genomic
GCF_001642695.1_ASM164269v2_genomic,GCF_008974245.1_ASM897424v1_genomic
GCF_002442695.1_ASM244269v1_genomic,GCF_001333375.1_5476_5_12_genomic
GCF_014642695.1_ASM1464269v1_genomic,GCF_013350085.1_ASM1335008v1_genomic
GCF_000443695.1_fedora0315_IS_genomic,GCF_000649695.1_Myco_bovi_Wt_21419_V1_genomic
GCF_000643695.1_Stap_aure_VET0329R_V1_genomic,GCF_000646695.1_Stap_aure_VET1871R_V1_genomic
GCF_003443695.1_ASM344369v1_genomic,GCF_900109375.1_IMG-taxon_2622736580_annotated_assembly_genomic
GCF_004143695.1_ASM414369v1_genomic,GCF_001747805.1_ASM174780v1_genomic
GCF_005043695.1_ASM504369v1_genomic,GCF_022546695.1_ASM2254669v1_genomic
GCF_019243695.1_ASM1924369v1_genomic,GCF_004349695.1_ASM434969v1_genomic
GCF_023743695.1_ASM2374369v1_genomic,GCF_001663695.1_ASM166369v1_genomic
GCF_900043695.2_11511_8_10_genomic,GCF_001346695.1_6983_7_57_genomic
GCF_000644695.1_Stap_aure_VET0431R_V1_genomic,GCF_000642695.1_Stap_aure_VET0254R_V1_genomic
GCF_001344695.1_6840_3_14_genomic,GCF_900047695.1_12754_4_63_genomic
GCF_002244695.1_ASM224469v1_genomic,GCF_015547695.1_ASM1554769v1_genomic
GCF_002444695.1_CFSAN049283_genomic,GCF_003002345.1_ASM300234v1_genomic
GCF_005044695.1_ASM504469v1_genomic,GCF_002142695.1_ASM214269v1_genomic
GCF_014844695.1_ASM1484469v1_genomic,GCF_014844375.1_ASM1484437v1_genomic
GCF_001345695.1_6983_5_16_genomic,GCF_001340695.1_6710_8_9_genomic
GCF_002845695.1_ASM284569v1_genomic,GCF_009664695.1_ASM966469v1_genomic
GCF_003145695.1_ASM314569v1_genomic,GCF_001891695.1_ASM189169v1_genomic
GCF_009645695.1_ASM964569v1_genomic,GCF_018336855.1_ASM1833685v1_genomic
GCF_011045695.1_ASM1104569v1_genomic,GCF_017490805.1_ASM1749080v1_genomic
GCF_015845695.1_ASM1584569v1_genomic,GCF_002199695.1_ASM219969v1_genomic
GCF_016845695.1_ASM1684569v1_genomic,GCF_000021885.1_ASM2188v1_genomic
GCF_022845695.1_ASM2284569v1_genomic,GCF_009719025.1_ASM971902v1_genomic
GCF_000246695.1_CLC_glsol175_genomic,GCF_015162345.1_ASM1516234v1_genomic
GCF_001546695.1_ASM154669v1_genomic,GCF_000714695.1_StrAga1.0_genomic
GCF_001746695.1_ASM174669v1_genomic,GCF_016801695.1_ASM1680169v1_genomic
GCF_002446695.1_ASM244669v1_genomic,GCF_000168695.2_ASM16869v2_genomic
GCF_015546695.1_ASM1554669v1_genomic,GCF_002859345.1_ASM285934v1_genomic
GCF_900046695.1_11860_6_52_genomic,GCF_019446695.1_ASM1944669v1_genomic
GCF_000147695.2_ASM14769v3_genomic,GCF_000019085.1_ASM1908v1_genomic
GCF_000347695.1_ASM34769v1_genomic,GCF_902385935.1_UHGG_MGYG-HGUT-02334_genomic
GCF_001047695.1_ASM104769v1_genomic,GCF_003433375.1_ASM343337v1_genomic
GCF_001647695.1_ASM164769v1_genomic,GCF_001043435.1_ASM104343v1_genomic
GCF_002447695.1_ASM244769v1_genomic,GCF_003393695.1_ASM339369v1_genomic
GCF_014647695.1_ASM1464769v1_genomic,GCF_013364375.1_ASM1336437v1_genomic
GCF_001348695.1_6630_5_16_genomic,GCF_020179695.1_ASM2017969v1_genomic
GCF_009648695.1_ASM964869v1_genomic,GCF_001513695.1_ASM151369v1_genomic
GCF_014648695.1_ASM1464869v1_genomic,GCF_000805335.1_ASM80533v1_genomic
GCF_019348695.1_ASM1934869v1_genomic,GCF_020405345.1_ASM2040534v1_genomic
GCF_900148695.1_Hp_76-17_05_genomic,GCF_902164695.1_25426_7_25_genomic
GCF_001249695.1_8289_7_82_genomic,GCF_003719695.1_ASM371969v1_genomic
GCF_001549695.1_ASM154969v1_genomic,GCF_001887695.1_ASM188769v1_genomic
GCF_002849695.1_ASM284969v1_genomic,GCF_000297695.1_Bact_frag_HMW_610_V1_genomic
GCF_003549695.1_ASM354969v1_genomic,GCF_003717695.1_ASM371769v1_genomic
GCF_014649695.1_ASM1464969v1_genomic,GCF_014070435.1_ASM1407043v1_genomic
GCF_001050695.1_ASM105069v1_genomic,GCF_000723805.1_ASP_PRJEB562_v1_genomic
GCF_001250695.1_H14154048001_genomic,GCF_001258695.1_8289_7_86_genomic
GCF_002950695.1_ASM295069v1_genomic,GCF_009697245.1_ASM969724v1_genomic
GCF_003150695.1_ASM315069v1_genomic,GCF_000172695.2_ASM17269v2_genomic
GCF_014650695.1_ASM1465069v1_genomic,GCF_008642275.1_ASM864227v1_genomic
GCF_000651695.1_Myco_tube_TKK_03_0063_V1_genomic,GCF_900121695.1_14722_7_44_genomic
GCF_001751695.1_ASM175169v1_genomic,GCF_002524695.1_ASM252469v1_genomic
GCF_001951695.1_ASM195169v1_genomic,GCF_000624695.1_ASM62469v2_genomic
GCF_002151695.1_ASM215169v1_genomic,GCF_009876695.1_ASM987669v1_genomic
GCF_002551695.1_ASM255169v1_genomic,GCF_002021695.1_ASM202169v1_genomic
GCF_002751695.1_ASM275169v1_genomic,GCF_003227695.1_ASM322769v1_genomic
GCF_002951695.1_ASM295169v1_genomic,GCF_001651695.1_ASM165169v1_genomic
GCF_014651695.1_ASM1465169v1_genomic,GCF_003182025.1_ASM318202v1_genomic
GCF_017151695.1_ASM1715169v1_genomic,GCF_009931275.1_ASM993127v1_genomic
GCF_019351695.1_ASM1935169v1_genomic,GCF_016427695.1_ASM1642769v1_genomic
GCF_001252695.1_H14030023601_genomic,GCF_900622695.1_MS14384_genomic
GCF_002752695.1_ASM275269v1_genomic,GCF_001563055.1_ASM156305v1_genomic
GCF_002852695.1_ASM285269v1_genomic,GCF_009825695.1_ASM982569v1_genomic
GCF_015552695.1_ASM1555269v1_genomic,GCF_000752695.1_FHI96_genomic
GCF_021352695.1_ASM2135269v1_genomic,GCF_011305375.1_ASM1130537v1_genomic
GCF_000553695.1_Stap_aure_M0215_V1_genomic,GCF_900251695.1_M3685_genomic
GCF_000653695.1_Myco_tube_TKK_05SA_0046_V1_genomic,GCF_000656695.1_Myco_tube_TKK_04_0125_V1_genomic
GCF_001253695.1_5174_8_2_genomic,GCF_003097695.1_ASM309769v1_genomic
GCF_001653695.1_ASM165369v1_genomic,GCF_902508695.1_ZKP105_genomic
GCF_001953695.1_ASM195369v1_genomic,GCF_009856695.1_ASM985669v1_genomic
GCF_003253695.1_ASM325369v1_genomic,GCF_001945375.1_ASM194537v1_genomic
GCF_014653695.1_ASM1465369v1_genomic,GCF_003265345.1_ASM326534v1_genomic
GCF_015553695.1_ASM1555369v1_genomic,GCF_003438075.1_ASM343807v1_genomic
GCF_016653695.1_ASM1665369v1_genomic,GCF_002850695.3_ASM285069v3_genomic
GCF_001054695.1_ASM105469v1_genomic,GCF_900076695.1_12045_5_42_genomic
GCF_014654695.1_ASM1465469v1_genomic,GCF_002808345.1_ASM280834v1_genomic
GCF_015554695.1_ASM1555469v1_genomic,GCF_000210695.1_ASM21069v1_genomic
GCF_021654695.1_ASM2165469v1_genomic,GCF_003073275.1_ASM307327v1_genomic
GCF_022454695.1_ASM2245469v1_genomic,GCF_002218695.1_ASM221869v1_genomic
GCF_000355695.1_ASM35569v1_genomic,GCF_900168345.1_IMG-taxon_2708742539_annotated_assembly_genomic
GCF_000655695.1_Myco_tube_XTB13-217_V1_genomic,GCF_900123695.1_14892_2_88_genomic
GCF_002855695.1_ASM285569v1_genomic,GCF_001255695.1_12830_1_33_genomic
GCF_011455695.1_ASM1145569v1_genomic,GCF_013377215.1_ASM1337721v1_genomic
GCF_021655695.1_ASM2165569v1_genomic,GCF_022550695.1_ASM2255069v1_genomic
GCF_022555695.1_ASM2255569v1_genomic,GCF_021278965.1_ASM2127896v1_genomic
GCF_900055695.2_13414_2_52_genomic,GCF_900050695.1_11657_8_24_genomic
GCF_001856695.1_ASM185669v1_genomic,GCF_000807175.1_ASM80717v1_genomic
GCF_001956695.1_ASM195669v1_genomic,GCF_003711085.1_ASM371108v1_genomic
GCF_002356695.1_ASM235669v1_genomic,GCF_002356855.1_ASM235685v1_genomic
GCF_003256695.1_ASM325669v1_genomic,GCF_023374695.1_ASM2337469v1_genomic
GCF_003856695.1_ASM385669v1_genomic,GCF_001251695.1_8289_7_52_genomic
GCF_019456695.1_ASM1945669v1_genomic,GCF_003609695.1_ASM360969v1_genomic
GCF_022456695.1_ASM2245669v1_genomic,GCF_022455695.1_ASM2245569v1_genomic
GCF_900156695.1_IMG-taxon_2681813513_annotated_assembly_genomic,GCF_900217755.1_IMG-taxon_2740891828_annotated_assembly_genomic
GCF_000457695.1_Esch_coli_HVH_117_4-6857191_V1_genomic,GCF_001257695.1_5417_3_9_genomic
GCF_001457695.1_NCTC11351_genomic,GCF_022495695.1_ASM2249569v1_genomic
GCF_002357695.1_ASM235769v1_genomic,GCF_006337345.1_ASM633734v1_genomic
GCF_019357695.1_ASM1935769v1_genomic,GCF_016865215.1_ASM1686521v1_genomic
GCF_023657695.1_ASM2365769v1_genomic,GCF_002152695.1_ASM215269v1_genomic
GCF_900157695.1_9789_6_84_genomic,GCF_002952695.1_ASM295269v1_genomic
GCF_000958695.1_ASM95869v1_genomic,GCF_023735695.1_ASM2373569v1_genomic
GCF_003358695.1_ASM335869v1_genomic,GCF_002923695.1_ASM292369v1_genomic
GCF_011058695.1_ASM1105869v1_genomic,GCF_002871595.1_ASM287159v1_genomic
GCF_902158695.1_SB6417_genomic,GCF_021228695.1_ASM2122869v1_genomic
GCF_000159695.1_ASM15969v1_genomic,GCF_013267535.1_ASM1326753v1_genomic
GCF_000459695.1_Esch_coli_KOEGE_43_105a_V1_genomic,GCF_000259695.1_ASM25969v1_genomic
GCF_001259695.1_12971_8_28_genomic,GCF_900159695.1_8489_1_94_genomic
GCF_013359695.1_ASM1335969v1_genomic,GCF_002113375.1_ASM211337v1_genomic
GCF_902159695.1_25426_7_99_genomic,GCF_005236695.1_ASM523669v1_genomic
GCF_000160695.1_ASM16069v1_genomic,GCF_900186465.1_PRJEB21319_genomic
GCF_001260695.1_4370_3_11_genomic,GCF_008084695.1_ASM808469v1_genomic
GCF_002560695.1_ASM256069v1_genomic,GCF_002574695.1_ASM257469v1_genomic
GCF_002760695.1_ASM276069v1_genomic,GCF_014168695.1_ASM1416869v1_genomic
GCF_004960695.1_ASM496069v1_genomic,GCF_000460695.1_Esch_coli_UMEA_3193-1_V1_genomic
GCF_016760695.1_ASM1676069v1_genomic,GCF_003268695.1_ASM326869v1_genomic
GCF_021560695.1_ASM2156069v1_genomic,GCF_000230695.2_ASM23069v3_genomic
GCF_902460695.1_2010-33561_genomic,GCF_003048695.2_ASM304869v2_genomic
GCF_000461695.1_Esch_coli_UMEA_3805-1_V1_genomic,GCF_008634345.1_ASM863434v1_genomic
GCF_000661695.1_Myco_tube_TKK-01-0086_V1_genomic,GCF_003546345.1_ASM354634v1_genomic
GCF_001061695.1_ASM106169v1_genomic,GCF_002734345.1_ASM273434v1_genomic
GCF_001861695.1_ASM186169v1_genomic,GCF_002634345.1_ASM263434v1_genomic
GCF_022361695.1_ASM2236169v1_genomic,GCF_022381345.1_ASM2238134v1_genomic
GCF_023161695.1_ASM2316169v1_genomic,GCF_005146375.1_ASM514637v1_genomic
GCF_000162695.1_ASM16269v1_genomic,GCF_000532695.1_Stap_aure_M1134_V1_genomic
GCF_000262695.1_ASM26269v1_genomic,GCF_001718695.1_ASM171869v1_genomic
GCF_001062695.1_ASM106269v1_genomic,GCF_016757695.1_ASM1675769v1_genomic
GCF_001662695.1_ASM166269v1_genomic,GCF_008364345.1_ASM836434v1_genomic
GCF_001762695.1_ASM176269v1_genomic,GCF_002805345.1_CFSAN065379_genomic
GCF_001862695.1_ASM186269v1_genomic,GCF_023000695.1_ASM2300069v1_genomic
GCF_003462695.1_ASM346269v1_genomic,GCF_001405375.1_13414_6_7_genomic
GCF_009762695.1_ASM976269v1_genomic,GCF_004193695.1_ASM419369v1_genomic
GCF_012062695.1_ASM1206269v1_genomic,GCF_002012345.1_ASM201234v1_genomic
GCF_018862695.1_ASM1886269v1_genomic,GCF_001562695.1_ASM156269v1_genomic
GCF_023062695.1_ASM2306269v1_genomic,GCF_016762695.1_ASM1676269v1_genomic
GCF_001863695.1_ASM186369v1_genomic,GCF_001704695.1_ASM170469v1_genomic
GCF_002763695.1_ASM276369v1_genomic,GCF_000158215.3_Fuso_sp_2_1_31_V3_genomic
GCF_004363695.1_ASM436369v1_genomic,GCF_003259835.1_ASM325983v1_genomic
GCF_009663695.2_ASM966369v2_genomic,GCF_000389805.1_GA3-3_1.0_genomic
GCF_016863695.1_ASM1686369v1_genomic,GCF_018332535.1_ASM1833253v1_genomic
GCF_900063695.1_4880_1_4_genomic,GCF_001336695.1_6259_8_20_genomic
GCF_000164695.2_ASM16469v2_genomic,GCF_013267735.1_ASM1326773v1_genomic
GCF_002564695.1_ASM256469v1_genomic,GCF_002562695.1_ASM256269v1_genomic
GCF_002764695.1_ASM276469v1_genomic,GCF_006364695.1_ASM636469v1_genomic
GCF_003464695.1_ASM346469v1_genomic,GCF_020313375.1_ASM2031337v1_genomic
GCF_004364695.1_ASM436469v1_genomic,GCF_000374865.1_ASM37486v1_genomic
GCF_001865695.1_ASM186569v1_genomic,GCF_001574695.1_ASM157469v1_genomic
GCF_003465695.1_ASM346569v1_genomic,GCF_003468345.1_ASM346834v1_genomic
GCF_007665695.1_ASM766569v1_genomic,GCF_000830695.1_ASM83069v1_genomic
GCF_904865695.1_INF319_genomic,GCF_001701695.1_ASM170169v1_genomic
GCF_001366695.1_10608_2_7_genomic,GCF_001134345.1_10561_2_1_genomic
GCF_002766695.1_ASM276669v1_genomic,GCF_001261695.1_12830_1_38_genomic
GCF_002966695.1_ASM296669v1_genomic,GCF_900037345.1_14412_4_37_genomic
GCF_004366695.1_ASM436669v1_genomic,GCF_004101345.1_ASM410134v1_genomic
GCF_007666695.1_ASM766669v1_genomic,GCF_007667805.1_ASM766780v1_genomic
GCF_015666695.2_ASM1566669v2_genomic,GCF_016600345.1_ASM1660034v1_genomic
GCF_017166695.1_ASM1716669v1_genomic,GCF_003385835.1_ASM338583v1_genomic
GCF_902166695.1_25964_2_228_genomic,GCF_902161695.1_25426_7_312_genomic
GCF_007667695.1_ASM766769v1_genomic,GCF_002863375.1_ASM286337v1_genomic
GCF_012367695.2_ASM1236769v1_genomic,GCF_012371695.1_ASM1237169v1_genomic
GCF_013167695.1_ASM1316769v1_genomic,GCF_014862695.1_ASM1486269v1_genomic
GCF_013867695.1_ASM1386769v1_genomic,GCF_019915265.1_ASM1991526v1_genomic
GCF_015767695.1_ASM1576769v1_genomic,GCF_010722695.1_ASM1072269v1_genomic
GCF_020167695.1_ASM2016769v1_genomic,GCF_000562695.1_Stap_aure_W56227_V1_genomic
GCF_000568695.2_ASM56869v2_genomic,GCF_004353385.1_ASM435338v1_genomic
GCF_000668695.1_Myco_tube_UT0070_V1_genomic,GCF_000709695.1_Mtb984v1_genomic
GCF_002768695.1_ASM276869v1_genomic,GCF_002163695.1_ASM216369v1_genomic
GCF_002968695.1_ASM296869v1_genomic,GCF_005863695.1_ASM586369v1_genomic
GCF_003468695.1_ASM346869v1_genomic,GCF_910574695.1_MGBC000077_genomic
GCF_014268695.2_ASM1426869v2_genomic,GCF_000263695.1_ASM26369v2_genomic
GCF_022368695.1_ASM2236869v1_genomic,GCF_003732345.1_ASM373234v1_genomic
GCF_014169695.1_ASM1416969v1_genomic,GCF_000569695.1_Stap_aure_M91155_V1_genomic
GCF_015669695.1_ASM1566969v1_genomic,GCF_022369695.1_ASM2236969v1_genomic
GCF_022569695.1_ASM2256969v1_genomic,GCF_002769695.1_ASM276969v1_genomic
GCF_900169695.1_15.TR.020_20OXA_OXA-48_KPC_genomic,GCF_000669695.1_Myco_tube_OFXR-28_V1_genomic
GCF_000570695.1_Stap_aure_T34011_V1_genomic,GCF_012278695.1_ASM1227869v1_genomic
GCF_000670695.1_Myco_tube_TB_RSA43_V1_genomic,GCF_001378695.1_7769_7_46_genomic
GCF_001070695.1_ASM107069v1_genomic,GCF_011307695.1_ASM1130769v1_genomic
GCF_005670695.1_ASM567069v1_genomic,GCF_010731115.1_ASM1073111v1_genomic
GCF_022670695.1_ASM2267069v1_genomic,GCF_002041695.1_ASM204169v1_genomic
GCF_900170695.1_Hermans-110_genomic,GCF_003143695.2_ASM314369v2_genomic
GCF_003171695.1_ASM317169v1_genomic,GCF_022802375.1_ASM2280237v1_genomic
GCF_022971695.1_ASM2297169v1_genomic,GCF_015571695.1_ASM1557169v1_genomic
GCF_000672695.1_Myco_tube_TKK_03_0036_V1_genomic,GCF_000445695.1_fedora0708c_IS_genomic
GCF_000772695.1_NCPPB1241v1_genomic,GCF_003296695.1_ASM329669v1_genomic
GCF_002072695.1_ASM207269v1_genomic,GCF_001267695.1_ASM126769v1_genomic
GCF_002872695.1_ASM287269v1_genomic,GCF_000256345.2_ASM25634v2_genomic
GCF_002972695.1_ASM297269v1_genomic,GCF_022972695.1_ASM2297269v1_genomic
GCF_013072695.1_ASM1307269v1_genomic,GCF_001682515.1_ASM168251v1_genomic
GCF_013372695.1_ASM1337269v1_genomic,GCF_005234805.1_ASM523480v1_genomic
GCF_900172695.1_20794_7_113_genomic,GCF_002164695.2_ASM216469v2_genomic
GCF_002173695.1_ASM217369v1_genomic,GCF_004119695.1_ASM411969v1_genomic
GCF_002873695.1_ASM287369v1_genomic,GCF_005146695.1_ASM514669v1_genomic
GCF_003173695.1_ASM317369v1_genomic,GCF_000970855.1_ASM97085v1_genomic
GCF_019273695.1_ASM1927369v1_genomic,GCF_001609695.1_ASM160969v1_genomic
GCF_022973695.1_ASM2297369v1_genomic,GCF_021343695.1_ASM2134369v1_genomic
GCF_900173695.1_20925_2_115_genomic,GCF_001511695.1_ERS822465_genomic
GCF_902373695.1_MGYG-HGUT-01302_genomic,GCF_015554085.1_ASM1555408v1_genomic
GCF_000674695.1_Myco_tube_UT0002_V1_genomic,GCF_002129695.1_ASM212969v1_genomic
GCF_000774695.1_BPB_genomic,GCF_900596695.1_10156_7_25_genomic
GCF_002274695.1_UCI49_v1.0_genomic,GCF_000529695.1_Stap_aure_M0551_V1_genomic
GCF_011174695.1_ASM1117469v1_genomic,GCF_000394695.1_Ente_faec_Efm_NY1-4_V1_genomic
GCF_000875695.1_ASM87569v1_genomic,GCF_000158695.1_ASM15869v1_genomic
GCF_002075695.1_ASM207569v1_genomic,GCF_002978695.1_ASM297869v1_genomic
GCF_009875695.1_ASM987569v1_genomic,GCF_902385345.1_UHGG_MGYG-HGUT-02279_genomic
GCF_014775695.1_ASM1477569v1_genomic,GCF_021768345.1_ASM2176834v1_genomic
GCF_019775695.1_ASM1977569v1_genomic,GCF_017973695.1_ASM1797369v1_genomic
GCF_022975695.1_ASM2297569v1_genomic,GCF_900478695.1_17261_7_17_genomic
GCF_900475695.1_46463_C01_genomic,GCF_023504085.1_ASM2350408v1_genomic
GCF_902375695.1_MGYG-HGUT-01509_genomic,GCF_001375495.1_Flaviflexus_massiliensis_genomic
GCF_000676695.1_Myco_tube_TB_RSA172_V1_genomic,GCF_001376695.1_6972_6_9_genomic
GCF_000776695.1_ASM77669v1_genomic,GCF_000176695.2_ASM17669v2_genomic
GCF_000876695.1_Velvet_assembly_genomic,GCF_016585345.1_ASM1658534v1_genomic
GCF_002576695.1_ASM257669v1_genomic,GCF_007676695.1_ASM767669v1_genomic
GCF_003176695.1_ASM317669v1_genomic,GCF_018271695.1_ASM1827169v1_genomic
GCF_015676695.1_ASM1567669v1_genomic,GCF_017151375.1_ASM1715137v1_genomic
GCF_022976695.1_ASM2297669v1_genomic,GCF_002971695.1_ASM297169v1_genomic
GCF_900476695.2_7468_2_76_genomic,GCF_900495695.1_24276_2_247_genomic
GCF_001377695.1_6954_7_6_genomic,GCF_000677695.1_Myco_tube_BTB07-001_V1_genomic
GCF_001677695.2_ASM167769v2_genomic,GCF_000777695.1_ASM77769v1_genomic
GCF_007677695.1_ASM767769v1_genomic,GCF_022486345.1_ASM2248634v1_genomic
GCF_015277695.1_ASM1527769v1_genomic,GCF_000645695.1_Stap_aure_VET1052S_V1_genomic
GCF_900077695.1_11983_7_7_genomic,GCF_001057695.1_ASM105769v1_genomic
GCF_900177695.1_IMG-taxon_2527291702_annotated_assembly_genomic,GCF_014854695.1_ASM1485469v1_genomic
GCF_900477695.2_9179_4_88_genomic,GCF_900496695.1_24276_3_51_genomic
GCF_000578695.1_Stap_aure_M42507_V1_genomic,GCF_002273695.1_ISU-940_v1.0_genomic
GCF_000678695.1_Myco_tube_BTB10-001_V1_genomic,GCF_000673695.1_Myco_tube_KT-0016_V1_genomic
GCF_001578695.1_ASM157869v1_genomic,GCF_013267695.1_ASM1326769v1_genomic
GCF_001878695.1_ASM187869v1_genomic,GCF_013073695.1_ASM1307369v1_genomic
GCF_002878695.1_ASM287869v1_genomic,GCF_002443695.1_CFSAN049292_genomic
GCF_015278695.1_ASM1527869v1_genomic,GCF_019973695.1_ASM1997369v1_genomic
GCF_017378695.1_ASM1737869v1_genomic,GCF_003841345.1_ASM384134v1_genomic
GCF_019378695.1_ASM1937869v1_genomic,GCF_902165695.1_25964_2_355_genomic
GCF_019778695.1_ASM1977869v1_genomic,GCF_019799695.1_ASM1979969v1_genomic
GCF_900078695.1_H044680328_genomic,GCF_011463375.1_ASM1146337v1_genomic
GCF_000679695.1_Myco_tube_BTB12-449_V1_genomic,GCF_003395695.1_ASM339569v1_genomic
GCF_000779695.1_ASM77969v1_genomic,GCF_016944695.1_ASM1694469v1_genomic
GCF_001379695.1_7755_2_1_genomic,GCF_001395695.1_6570_6_17_genomic
GCF_001579695.1_ASM157969v1_genomic,GCF_000295695.2_ASM29569v2_genomic
GCF_007679695.1_ASM767969v1_genomic,GCF_008764375.1_FS22_genomic
GCF_019279695.1_ASM1927969v1_genomic,GCF_000579695.1_Stap_aure_M55902_V1_genomic
GCF_900479695.1_17328_2_1_genomic,GCF_007844695.1_ASM784469v1_genomic
GCF_000780695.1_ASM78069v1_genomic,GCF_900480695.1_17870_4_19_genomic
GCF_001380695.1_7156_7_95_genomic,GCF_001388695.1_8898_8_75_genomic
GCF_003480695.1_ASM348069v1_genomic,GCF_003480375.1_ASM348037v1_genomic
GCF_005280695.1_ASM528069v1_genomic,GCF_021559695.1_ASM2155969v1_genomic
GCF_006380695.2_ASM638069v2_genomic,GCF_000388695.1_28.O.08_genomic
GCF_007680695.1_ASM768069v1_genomic,GCF_022570695.1_ASM2257069v1_genomic
GCF_008180695.1_ASM818069v1_genomic,GCF_000473245.1_ASM47324v1_genomic
GCF_018680695.1_ASM1868069v1_genomic,GCF_020388695.1_ASM2038869v1_genomic
GCF_022380695.1_ASM2238069v1_genomic,GCF_022382695.1_ASM2238269v1_genomic
GCF_000781695.1_ASM78169v1_genomic,GCF_013389695.1_ASM1338969v1_genomic
GCF_001381695.1_7755_4_42_genomic,GCF_000654695.1_Myco_tube_M1213_V1_genomic
GCF_001581695.1_ASM158169v1_genomic,GCF_900052695.2_11657_4_50_genomic
GCF_007681695.1_ASM768169v1_genomic,GCF_001813345.1_ASM181334v1_genomic
GCF_013281695.1_ASM1328169v1_genomic,GCF_013280855.1_ASM1328085v1_genomic
GCF_014581695.1_ASM1458169v1_genomic,GCF_001069345.1_ASM106934v1_genomic
GCF_018881695.1_ASM1888169v1_genomic,GCF_018881935.1_ASM1888193v1_genomic
GCF_019281695.1_ASM1928169v1_genomic,GCF_022552695.1_ASM2255269v1_genomic
GCF_020181695.1_ASM2018169v1_genomic,GCF_023586805.1_ASM2358680v1_genomic
GCF_900081695.1_12641_3_82_genomic,GCF_002125695.1_ASM212569v1_genomic
GCF_000782695.1_ASM78269v1_genomic,GCF_000807695.1_ASM80769v3_genomic
GCF_001382695.1_7755_3_56_genomic,GCF_000650695.1_Myco_tube_MD16568_V1_genomic
GCF_001582695.1_ASM158269v1_genomic,GCF_001590695.1_ASM159069v1_genomic
GCF_006382695.1_ASM638269v1_genomic,GCF_020223695.1_ASM2022369v1_genomic
GCF_900082695.1_12673_5_45_genomic,GCF_900250695.1_H1781_genomic
GCF_000283695.1_ASM28369v1_genomic,GCF_003149695.1_ASM314969v1_genomic
GCF_000383695.1_ASM38369v1_genomic,GCF_000377345.1_ASM37734v1_genomic
GCF_013283695.1_ASM1328369v1_genomic,GCF_014856695.1_ASM1485669v1_genomic
GCF_900983695.1_19944_6_162_genomic,GCF_002073695.2_ASM207369v2_genomic
GCF_002884695.1_ASM288469v1_genomic,GCF_022456275.1_ASM2245627v1_genomic
GCF_009684695.1_ASM968469v1_genomic,GCF_022845835.1_ASM2284583v1_genomic
GCF_013184695.1_ASM1318469v1_genomic,GCF_001076695.1_ASM107669v1_genomic
GCF_018784695.1_ASM1878469v1_genomic,GCF_902364375.1_MGYG-HGUT-00208_genomic
GCF_020784695.1_ASM2078469v1_genomic,GCF_009389375.1_ASM938937v1_genomic
GCF_900084695.1_12045_5_94_genomic,GCF_008728695.1_ASM872869v1_genomic
GCF_900484695.1_19646_6_74_genomic,GCF_001254695.1_H14142025101_genomic
GCF_920984695.1_Leaf132_v1_genomic,GCF_920984665.1_Leaf170_v1_genomic
GCF_001385695.1_7841_7_85_genomic,GCF_000680695.1_Myco_tube_XTB13-134_V1_genomic
GCF_002085695.1_ASM208569v1_genomic,GCF_016808695.1_ASM1680869v1_genomic
GCF_002285695.1_ASM228569v1_genomic,GCF_016587695.1_ASM1658769v1_genomic
GCF_002585695.1_ASM258569v1_genomic,GCF_002588695.1_ASM258869v1_genomic
GCF_003385695.1_ASM338569v1_genomic,GCF_900104345.1_IMG-taxon_2623620614_annotated_assembly_genomic
GCF_008085695.1_ASM808569v1_genomic,GCF_001931375.1_ASM193137v1_genomic
GCF_013385695.1_ASM1338569v1_genomic,GCF_903970695.1_ASM90397069v1_genomic
GCF_019685695.1_ASM1968569v1_genomic,GCF_019270695.1_ASM1927069v1_genomic
GCF_900085695.1_12045_7_79_genomic,GCF_001185695.1_Kleb_pneu_CHS239_V1_genomic
GCF_900485695.1_18787_5_77_genomic,GCF_000485695.1_ASM48569v1_genomic
GCF_000586695.1_Stap_aure_DAR5852_V1_genomic,GCF_018681695.1_ASM1868169v1_genomic
GCF_001986695.1_ASM198669v1_genomic,GCF_000195695.1_ASM19569v1_genomic
GCF_003086695.1_ASM308669v1_genomic,GCF_003086855.1_ASM308685v1_genomic
GCF_003286695.1_ASM328669v1_genomic,GCF_003286805.1_ASM328680v1_genomic
GCF_008086695.1_ASM808669v1_genomic,GCF_000218345.1_Bacteroides_sp_2_1_56FAA_V1_genomic
GCF_013386695.1_ASM1338669v1_genomic,GCF_001612705.2_ASM161270v2_genomic
GCF_000587695.1_Stap_aure_F36097_V1_genomic,GCF_022404695.1_ASM2240469v1_genomic
GCF_001387695.1_8987_4_7_genomic,GCF_001204695.1_5477_7_3_genomic
GCF_001987695.1_ASM198769v1_genomic,GCF_001207695.1_5515_5_12_genomic
GCF_002087695.1_ASM208769v1_genomic,GCF_003304695.1_ASM330469v1_genomic
GCF_000788695.1_ASM78869v1_genomic,GCF_000305695.2_ASM30569v2_genomic
GCF_001188695.1_ASM118869v1_genomic,GCF_015336695.1_ASM1533669v1_genomic
GCF_003988695.1_ASM398869v1_genomic,GCF_009883695.1_ASM988369v1_genomic
GCF_008388695.1_ASM838869v1_genomic,GCF_004283695.1_ASM428369v1_genomic
GCF_019188695.1_ASM1918869v1_genomic,GCF_019188515.1_ASM1918851v1_genomic
GCF_022788695.1_ASM2278869v1_genomic,GCF_020905695.1_ASM2090569v1_genomic
GCF_900488695.1_18787_7_36_genomic,GCF_000488695.1_ASM48869v1_genomic
GCF_001389695.1_8939_3_5_genomic,GCF_000652695.1_Myco_tube_TKK_04_0078_V1_genomic
GCF_001989695.1_ASM198969v1_genomic,GCF_002241375.1_ASM224137v1_genomic
GCF_002589695.1_ASM258969v1_genomic,GCF_002584695.1_ASM258469v1_genomic
GCF_008689695.1_ASM868969v1_genomic,GCF_008690785.1_ASM869078v1_genomic
GCF_017589695.1_ASM1758969v1_genomic,GCF_019454085.1_ASM1945408v1_genomic
GCF_018789695.1_ASM1878969v1_genomic,GCF_001902315.1_ASM190231v1_genomic
GCF_022289695.1_ASM2228969v1_genomic,GCF_020223855.1_ASM2022385v1_genomic
GCF_000290695.1_Baci_cere_VDM022_V1_genomic,GCF_021097345.1_ASM2109734v1_genomic
GCF_000590695.1_ASM59069v1_genomic,GCF_001655375.1_ASM165537v1_genomic
GCF_003290695.1_ASM329069v1_genomic,GCF_013390695.1_ASM1339069v1_genomic
GCF_003390695.1_ASM339069v1_genomic,GCF_015343375.1_ASM1534337v1_genomic
GCF_007990695.1_ASM799069v1_genomic,GCF_000317855.1_ASM31785v1_genomic
GCF_018390695.1_ASM1839069v1_genomic,GCF_020523795.1_ASM2052379v1_genomic
GCF_021390695.1_ASM2139069v1_genomic,GCF_021390805.1_ASM2139080v1_genomic
GCF_022690695.1_ASM2269069v1_genomic,GCF_022808855.1_ASM2280885v1_genomic
GCF_903890695.1_Streptococcus_thermophilus_CIRM_998_genomic,GCF_017367345.1_ASM1736734v1_genomic
GCF_001391695.1_6570_7_21_genomic,GCF_001394695.1_6570_5_3_genomic
GCF_002191695.1_ASM219169v1_genomic,GCF_000157695.1_ASM15769v1_genomic
GCF_003291695.1_ASM329169v1_genomic,GCF_014216695.1_ASM1421669v1_genomic
GCF_014191695.1_ASM1419169v1_genomic,GCF_001638695.1_ASM163869v1_genomic
GCF_900491695.1_ZJ66-1_genomic,GCF_009906375.1_ASM990637v1_genomic
GCF_900591695.1_10209_8_49_genomic,GCF_001199695.1_7910_5_2_genomic
GCF_000692695.1_Esch_coli_CHS_68_V1_genomic,GCF_002217695.1_ASM221769v1_genomic
GCF_001192695.1_ASM119269v1_genomic,GCF_000400345.1_ASM40034v1_genomic
GCF_003392695.1_ASM339269v1_genomic,GCF_001392695.1_6570_8_10_genomic
GCF_004792695.1_ASM479269v1_genomic,GCF_011762145.1_ASM1176214v1_genomic
GCF_014192695.1_ASM1419269v1_genomic,GCF_900982695.1_11791_7_73_genomic
GCF_014892695.1_ASM1489269v1_genomic,GCF_000820125.1_PRJEB7039_genomic
GCF_900092695.1_18090_6_73_genomic,GCF_003692695.1_ASM369269v1_genomic
GCF_000393695.1_Ente_faec_UAA1025_V1_genomic,GCF_019880345.1_ASM1988034v1_genomic
GCF_000693695.1_Kleb_pneu_CHS_36_V1_genomic,GCF_018885345.1_ASM1888534v1_genomic
GCF_001393695.1_6540_3_3_genomic,GCF_004110695.1_ASM411069v1_genomic
GCF_001693695.1_ASM169369v1_genomic,GCF_000710375.2_ASM71037v3_genomic
GCF_001893695.1_ASM189369v1_genomic,GCF_002310695.1_ASM231069v1_genomic
GCF_002093695.1_ASM209369v1_genomic,GCF_020683025.1_ASM2068302v1_genomic
GCF_014193695.1_ASM1419369v1_genomic,GCF_014193555.1_ASM1419355v1_genomic
GCF_900193695.1_6570_1_16_genomic,GCF_001193695.1_6755_3_8_genomic
GCF_900493695.1_22036_6_273_genomic,GCF_016066695.1_ASM1606669v1_genomic
GCF_900593695.1_10156_4_24_genomic,GCF_001321345.1_7907_5_20_genomic
GCF_900993695.1_19944_8_109_genomic,GCF_900982885.1_11791_7_90_genomic
GCF_003094695.1_ASM309469v1_genomic,GCF_018603435.1_ASM1860343v1_genomic
GCF_003294695.1_ASM329469v1_genomic,GCF_003301345.1_ASM330134v1_genomic
GCF_004794695.1_ASM479469v1_genomic,GCF_003952565.1_ASM395256v1_genomic
GCF_006094695.1_ASM609469v1_genomic,GCF_900638085.1_55884_B01_genomic
GCF_011694695.1_ASM1169469v1_genomic,GCF_001335695.1_6673_8_3_genomic
GCF_014194695.1_ASM1419469v1_genomic,GCF_003351175.1_ASM335117v1_genomic
GCF_019794695.1_ASM1979469v1_genomic,GCF_002189695.1_ASM218969v1_genomic
GCF_021394695.1_ASM2139469v1_genomic,GCF_001640375.1_ASM164037v1_genomic
GCF_900094695.1_ASM90009469v1_genomic,GCF_002571695.1_ASM257169v1_genomic
GCF_900594695.1_10156_5_50_genomic,GCF_003420695.1_ASM342069v1_genomic
GCF_001995695.1_ASM199569v1_genomic,GCF_001995885.1_ASM199588v1_genomic
GCF_002095695.1_ASM209569v1_genomic,GCF_001922025.1_ASM192202v1_genomic
GCF_009795695.2_ASM979569v2_genomic,GCF_003115695.1_ASM311569v1_genomic
GCF_013895695.1_ASM1389569v1_genomic,GCF_900498695.1_ASMTUEKL_46_genomic
GCF_018195695.1_ASM1819569v1_genomic,GCF_002902905.1_ASM290290v1_genomic
GCF_900095695.1_GB001_A1_genomic,GCF_004308115.1_ASM430811v1_genomic
GCF_900595695.1_10395_4_34_genomic,GCF_900598695.1_10208_8_52_genomic
GCF_900995695.1_5731_6_11_genomic,GCF_019335345.1_ASM1933534v1_genomic
GCF_000196695.1_ASM19669v1_genomic,GCF_022271345.1_ASM2227134v1_genomic
GCF_001196695.1_5242_7_8_genomic,GCF_900194695.1_13682_2_90_genomic
GCF_005696695.1_ASM569669v1_genomic,GCF_000163415.1_ASM16341v1_genomic
GCF_006496695.1_ASM649669v1_genomic,GCF_021491695.1_ASM2149169v1_genomic
GCF_000497695.1_SulTherST_genomic,GCF_900176145.1_IMG-taxon_2506210005_annotated_assembly_genomic
GCF_001397695.1_6221_3_6_genomic,GCF_001997695.1_ASM199769v1_genomic
GCF_002097695.1_ASM209769v1_genomic,GCF_000563695.1_Stap_aure_H77098_V1_genomic
GCF_003597695.1_ASM359769v1_genomic,GCF_009497695.1_ASM949769v1_genomic
GCF_003997695.1_ASM399769v1_genomic,GCF_003998695.1_ASM399869v1_genomic
GCF_014497695.1_ASM1449769v1_genomic,GCF_000982695.1_ASM98269v1_genomic
GCF_021397695.1_ASM2139769v1_genomic,GCF_010592695.1_ASM1059269v1_genomic
GCF_900197695.1_1578720_3_genomic,GCF_001283025.1_gastric_feline_helicobacters_genomic
GCF_900597695.1_10208_7_10_genomic,GCF_000439695.1_ASM43969v1_genomic
GCF_902497695.1_PS631_genomic,GCF_019599025.1_ASM1959902v1_genomic
GCF_002798695.1_ASM279869v1_genomic,GCF_001410695.1_12227_3_46_genomic
GCF_010598695.1_ASM1059869v1_genomic,GCF_009910695.1_ASM991069v1_genomic
GCF_016598695.1_ASM1659869v1_genomic,GCF_015351415.1_ASM1535141v1_genomic
GCF_017298695.1_ASM1729869v1_genomic,GCF_001537345.1_12082_2_78_genomic
GCF_900098695.1_9119_2_58_genomic,GCF_001288345.1_12971_3_1_genomic
GCF_003699695.1_ASM369969v1_genomic,GCF_003700695.1_ASM370069v1_genomic
GCF_016599695.1_ASM1659969v1_genomic,GCF_000255535.1_ASM25553v1_genomic
GCF_022899695.1_ASM2289969v1_genomic,GCF_014694695.1_ASM1469469v1_genomic
